hasDefined,id,nameArea,name,level,element,job,hp,exp,physicalAttack,physicalDeffence,physicalAccuracy,physicalEvasion,magicAttack,magicDeffence,magicAccuracy,magicEvasion,expEffeciency,area,isBoss,orb
TRUE,001,ククのたまご（長陽北区）,ククのたまご,1,木,平民,83,100,10,3,1,1,0,6,0,1,1.204,長陽北区,,
TRUE,002,ククのたまご（長陽南区）,ククのたまご,1,木,平民,83,100,10,3,1,1,0,6,0,1,1.204,長陽南区,,
FALSE,003,地雷火（鏡書院）,地雷火,1,無,平民,5000,200,,,,,,,,,0.04,鏡書院,　,
TRUE,004,ププ（長陽北区）,ププ,2,無,平民,115,175,11,4,2,2,1,7,0,1,1.521,長陽北区,,
TRUE,005,ププ（長陽南区）,ププ,2,無,平民,115,175,11,4,2,2,1,7,0,1,1.521,長陽南区,,
TRUE,006,モス（長陽北区）,モス,4,火,踊り子,152,325,10,5,3,3,3,9,5,51,2.138,長陽北区,,
TRUE,007,モス（長陽南区）,モス,4,火,踊り子,152,325,10,5,3,3,3,9,5,51,2.138,長陽南区,,
TRUE,008,パタププ（長陽北区）,パタププ,5,無,平民,233,400,14,8,4,4,4,10,0,1,1.716,長陽北区,,
TRUE,009,パタププ（長陽南区）,パタププ,5,無,平民,233,400,14,8,4,4,4,10,0,1,1.716,長陽南区,,
TRUE,010,ハリー（長陽北区）,ハリー,6,無,踊り子,225,475,12,8,5,5,5,11,5,51,2.111,長陽北区,,
TRUE,011,ハリー（長陽南区）,ハリー,6,無,踊り子,225,475,12,8,5,5,5,11,5,51,2.111,長陽南区,,
TRUE,012,ドグ（長陽北区）,ドグ,7,金,平民,332,550,17,12,5,5,6,12,0,1,1.656,長陽北区,,
TRUE,013,ドグ（長陽南区）,ドグ,7,金,平民,332,550,17,12,5,5,6,12,0,1,1.656,長陽南区,,
TRUE,014,ウガププ（長陽北区）,ウガププ,8,土,平民,388,625,19,14,6,6,7,13,0,1,1.61,長陽北区,,
TRUE,015,ウガププ（長陽南区）,ウガププ,8,土,平民,388,625,19,14,6,6,7,13,0,1,1.61,長陽南区,,
TRUE,016,パタププボス（長陽北区）,パタププボス,8,無,平民,698,1563,31,26,9,9,21,17,0,1,2.239,長陽北区,大,
TRUE,017,パタププボス（長陽南区）,パタププボス,8,無,平民,698,1563,31,26,9,9,21,17,0,1,2.239,長陽南区,大,
TRUE,018,クク（長陽北区）,クク,9,水,平民,447,700,21,16,7,7,8,14,0,1,1.565,長陽北区,　,
TRUE,019,ネバ（井戸の地下道）,ネバ,9,土,平民,581,1050,17,16,7,7,8,14,0,1,1.807,井戸の地下道,　,
TRUE,020,モーププベビー（青海湖盆地）,モーププベビー,10,無,平民,545,775,19,19,8,8,10,15,0,1,1.422,青海湖盆地,　,
TRUE,021,ハクププ（青海湖盆地）,ハクププ,10,無,平民,545,775,19,19,8,8,10,15,0,1,1.422,青海湖盆地,　,
TRUE,022,ワルドグ（長陽北区）,ワルドグ,10,金,武術家,600,775,19,15,8,8,10,15,0,1,1.291,長陽北区,,
TRUE,023,ワルドグ（長陽南区）,ワルドグ,10,金,武術家,600,775,19,15,8,8,10,15,0,1,1.291,長陽南区,,
TRUE,024,ベビーバット（井戸の地下道）,ベビーバット,10,水,平民,709,1163,19,19,8,8,10,15,0,1,1.64,井戸の地下道,　,
TRUE,025,ククマ（長陽北区）,ククマ,11,水,平民,643,850,25,23,8,8,15,16,0,1,1.321,長陽北区,,
TRUE,026,ククマ（長陽南区）,ククマ,11,水,平民,643,850,25,23,8,8,15,16,0,1,1.321,長陽南区,,
TRUE,027,ウツボーナ（青海湖盆地）,ウツボーナ,11,木,刀客,643,850,45,18,2,8,15,16,0,1,1.321,青海湖盆地,　,
TRUE,028,ネバネバ（井戸の地下道）,ネバネバ,11,土,平民,1929,3400,25,23,8,8,15,16,0,1,1.762,井戸の地下道,　,
TRUE,029,ウガパタププ（長陽南区）,ウガパタププ,12,土,平民,741,950,31,26,9,9,21,17,0,1,1.282,長陽南区,,
TRUE,030,ゴムクク（長陽北区）,ゴムクク,12,木,平民,741,950,31,26,9,9,21,17,0,1,1.282,長陽北区,　,
TRUE,031,ムクク（長陽北区）,ムクク,12,木,平民,741,950,31,26,9,9,21,17,0,1,1.282,長陽北区,　,
TRUE,032,タマ（井戸の地下道）,タマ,12,水,陰陽師,915,1425,31,26,9,9,21,18,10,1,1.557,井戸の地下道,　,
TRUE,033,キョンシー（長陽北区）,キョンシー,12,金,平民,741,950,31,26,9,9,21,17,0,1,1.282,長陽北区,,
TRUE,034,キョンシー（長陽南区）,キョンシー,12,金,平民,741,950,31,26,9,9,21,17,0,1,1.282,長陽南区,,
TRUE,035,キョンシー（役所の地下室）,キョンシー,12,金,平民,741,950,31,26,9,9,21,17,0,1,1.282,役所の地下室,,
TRUE,036,マキョンシー（長陽北区）,マキョンシー,13,金,狩人,1091,1365,38,29,30,10,27,17,20,1,1.251,長陽北区,　,
TRUE,037,モーププママ（青海湖盆地）,モーププママ,13,無,剣客,797,1050,38,35,10,10,27,17,0,1,1.317,青海湖盆地,　,
TRUE,038,ドグボス（長陽北区）,ドグボス,13,金,剣客,3985,5250,38,35,10,10,27,17,0,1,1.317,長陽北区,小,
TRUE,039,ネバネバン（役所の地下室）,ネバネバン,13,火,平民,2517,4200,38,35,10,10,27,17,0,1,1.668,役所の地下室,　,
TRUE,040,ウツボーダ（青海湖盆地）,ウツボーダ,14,木,刀客,937,1150,79,26,1,11,33,18,0,1,1.227,青海湖盆地,,
TRUE,041,ウツボーダ（銅角山）,ウツボーダ,14,木,刀客,937,1150,79,26,1,11,33,18,0,1,1.227,銅角山,,
TRUE,042,ウツボーダ（玄火山脈）,ウツボーダ,14,木,楽師,937,1150,39,29,11,11,33,36,5,6,1.227,玄火山脈,　,
TRUE,043,キョチュ（役所の地下室）,キョチュ,14,金,商人,1218,1725,48,32,11,11,33,16,0,4,1.416,役所の地下室,　,
TRUE,044,エリマキ（銅角山）,エリマキ,15,火,狩人,1183,1250,50,36,31,11,39,22,20,1,1.056,銅角山,　,
TRUE,045,モーププパパ（青海湖盆地）,モーププパパ,15,無,狩人,1538,1625,50,36,31,11,39,22,20,1,1.056,青海湖盆地,　,
TRUE,046,キングププ（長陽南区）,キングププ,15,土,武術家,2342,3125,50,28,11,1,39,21,0,1,1.334,長陽南区,大,
TRUE,047,ウツボーラ（銅角山）,ウツボーラ,16,木,刀客,1279,1350,64,38,13,13,46,23,0,2,1.055,銅角山,　,
TRUE,048,キンチュ（役所の地下室）,キンチュ,16,金,踊り子,1331,2025,46,26,12,12,43,23,5,52,1.521,役所の地下室,,
TRUE,049,キンチュ（防風氏の墓）,キンチュ,16,金,踊り子,1331,2025,46,26,12,12,43,23,5,52,1.521,防風氏の墓,,
TRUE,050,ギョロマキ（銅角山）,ギョロマキ,17,火,剣客,1380,1450,64,38,13,13,46,23,0,2,1.05,銅角山,　,
TRUE,051,メダマン（防風氏の墓）,メダマン,17,金,陰陽師,1704,2175,64,38,13,13,46,26,10,2,1.276,防風氏の墓,　,
TRUE,052,キョンププ王（旅館の地下室）,キョンププ王,17,金,商人,4139,5800,71,38,13,13,46,21,0,3,1.401,旅館の地下室,　,
TRUE,053,ヒトクイグモ（井戸の地下道）,ヒトクイグモ,17,土,踊り子,1656,2900,51,27,13,13,46,23,5,52,1.751,井戸の地下道,小,
TRUE,054,モスガ（銅角山）,モスガ,18,無,踊り子,1249,1550,57,29,14,14,49,25,5,52,1.24,銅角山,,
TRUE,055,モスガ（雲夢平原）,モスガ,18,無,踊り子,1249,1550,57,29,14,14,49,25,5,52,1.24,雲夢平原,,
TRUE,056,クモ（防風氏の墓）,クモ,18,土,道士,1929,2325,57,42,14,14,54,25,10,7,1.205,防風氏の墓,　,
TRUE,057,コグモ（防風氏の墓）,コグモ,18,土,道士,1929,2325,57,42,14,14,54,25,10,7,1.205,防風氏の墓,　,
TRUE,058,エリマキン（銅角山）,エリマキン,19,火,平民,1672,1650,78,43,14,14,52,26,0,2,0.986,銅角山,　,
TRUE,059,ミミク（旅館の地下室）,ミミク,19,無,蟲師,2065,2475,74,39,14,14,52,26,10,2,1.198,旅館の地下室,　,
TRUE,060,吸血コウモリ（文命の地下水道）,吸血コウモリ,19,水,蟲師,2065,2475,74,39,14,14,52,26,10,2,1.198,文命の地下水道,　,
TRUE,061,咒怨キョンシー（防風氏の墓）,咒怨キョンシー,19,金,楽師,2174,2475,71,39,14,14,52,51,5,7,1.138,防風氏の墓,　,
TRUE,062,ダバット（役所の地下室）,ダバット,19,火,盗賊,2257,3300,63,41,14,24,52,26,0,12,1.462,役所の地下室,小,
TRUE,063,ハリード（銅角山）,ハリード,20,土,剣客,1867,1750,85,59,15,15,55,29,0,2,0.937,銅角山,,
TRUE,064,ハリード（雲夢平原）,ハリード,20,土,剣客,1867,1750,85,59,15,15,55,29,0,2,0.937,雲夢平原,,
TRUE,065,タルオ（旅館の地下室）,タルオ,20,無,武術家,6487,7000,85,39,15,15,55,27,0,2,1.079,旅館の地下室,　,
TRUE,066,ケロ（文命の地下水道）,ケロ,20,水,楽師,2555,2625,77,44,15,15,55,57,5,7,1.027,文命の地下水道,　,
TRUE,067,ケロ（青海湖盆地）,ケロ,20,水,平民,2948,3500,85,49,15,15,55,29,0,2,1.187,青海湖盆地,小,
FALSE,068,紅狐（長陽城防衛）,紅狐,20,土,剣客,38667,41600,,,,,,,,,1.075,長陽城防衛,　,
FALSE,069,鬼僕（長陽城防衛）,鬼僕,20,無,刀客,40703,41600,,,,,,,,,1.022,長陽城防衛,　,
FALSE,070,骸骨兵士（長陽城防衛）,骸骨兵士,20,土,武術家,44773,41600,,,,,,,,,0.929,長陽城防衛,　,
TRUE,071,ロックン（雲夢平原）,ロックン,21,土,傭兵,2089,1850,94,101,16,16,60,24,0,3,0.885,雲夢平原,　,
TRUE,072,木箱怪（文命の地下水道）,木箱怪,21,土,踊り子,2173,2775,75,36,16,16,60,29,5,52,1.277,文命の地下水道,　,
TRUE,073,ウネ（雲夢平原）,ウネ,22,木,刀客,2217,2000,184,42,7,17,64,30,0,2,0.902,雲夢平原,　,
TRUE,074,吸血コウモリママ（文命の地下水道）,吸血コウモリママ,22,水,陰陽師,2738,3000,102,52,17,17,64,33,10,2,1.095,文命の地下水道,　,
TRUE,075,クックのたまご（鳳凰の塔）,クックのたまご,22,無,平民,2882,3000,102,52,17,17,64,30,0,2,1.04,鳳凰の塔,　,
TRUE,076,銅皮ガマ（井戸の地下道）,銅皮ガマ,22,水,武術家,4390,5000,102,42,17,17,64,29,0,2,1.138,井戸の地下道,大,
TRUE,077,ノラ（雲夢平原）,ノラ,23,無,平民,2506,2150,111,57,17,17,69,33,0,2,0.857,雲夢平原,　,
TRUE,078,クック（鳳凰の塔）,クック,23,無,狩人,3258,3225,111,57,37,17,69,33,20,2,0.989,鳳凰の塔,　,
TRUE,079,アゲーハ（銅角山）,アゲーハ,23,無,踊り子,3007,4300,89,40,17,17,69,33,5,52,1.429,銅角山,小,
TRUE,080,バンブー（雲夢平原）,バンブー,24,木,平民,2646,2300,119,59,18,18,73,34,0,2,0.869,雲夢平原,,
TRUE,081,バンブー（建木の林）,バンブー,24,木,平民,2646,2300,119,59,18,18,73,34,0,2,0.869,建木の林,,
TRUE,082,骸骨兵（防風氏の墓）,骸骨兵,24,金,剣客,12567,11500,119,70,18,18,73,34,0,2,0.915,防風氏の墓,小,
TRUE,083,巨大ウネ（大梁）,巨大ウネ,24,木,刀客,26456,29900,155,59,14,16,58,27,,,1.13,大梁,　,
TRUE,084,クックママ（鳳凰の塔）,クックママ,24,火,楽師,3439,3450,107,53,18,18,73,51,5,7,1.003,鳳凰の塔,　,
TRUE,085,キョチュアニキ（役所の地下室）,キョチュアニキ,24,金,商人,4762,5750,128,60,19,19,77,34,0,2,1.207,役所の地下室,大,
TRUE,086,マリス（大梁）,マリス,25,木,平民,3068,2450,128,60,19,19,77,34,0,2,0.798,大梁,　,
TRUE,087,小覇王ププ（雲夢平原）,小覇王ププ,25,土,武術家,3068,2450,128,48,19,19,77,33,0,2,0.798,雲夢平原,　,
TRUE,088,砂岩の天道虫（銅角山）,砂岩の天道虫,25,土,剣客,3974,4900,128,72,19,19,77,34,0,2,1.233,銅角山,小,
TRUE,089,レイバード（鳳凰の塔）,レイバード,25,火,商人,8367,9800,141,60,19,19,77,31,0,3,1.171,鳳凰の塔,　,
TRUE,090,ウツボーダン（青海湖盆地）,ウツボーダン,25,木,狩人,5020,6125,128,60,39,19,77,34,20,2,1.22,青海湖盆地,大,
TRUE,091,キングキンチュ（旅館の地下室）,キングキンチュ,25,金,踊り子,3347,4900,102,42,19,19,77,34,5,52,1.463,旅館の地下室,大,
TRUE,092,コクリ（建木の林）,コクリ,26,金,剣客,2600,2789,136,74,20,20,81,35,0,2,1.072,建木の林,　,
TRUE,093,ブチノラ（雲夢平原）,ブチノラ,26,無,商人,2789,2600,87,61,20,20,90,35,10,7,0.932,雲夢平原,　,
TRUE,094,レイバート（鳳凰の塔）,レイバート,26,火,陰陽師,3626,3900,136,61,20,20,81,39,10,2,1.075,鳳凰の塔,　,
TRUE,095,パワードマリス（大梁）,パワードマリス,26,木,狩人,2936,2600,163,65,29,20,65,30,25,2,0.885,大梁,　,
TRUE,096,生きる屍（青海湖盆地）,生きる屍,27,金,盗賊,2778,2750,116,60,30,20,85,36,0,12,0.989,青海湖盆地,　,
TRUE,097,クークのたまご（建木の林）,クークのたまご,27,無,医者,2933,2750,137,60,20,20,90,40,5,7,0.937,建木の林,　,
TRUE,098,クック王（鳳凰の塔）,クック王,27,火,傭兵,4013,4125,144,126,20,20,85,29,0,3,1.027,鳳凰の塔,　,
TRUE,099,キングケロ（文命の地下水道）,キングケロ,27,水,平民,14535,13750,144,63,20,20,85,36,0,2,0.945,文命の地下水道,小,
TRUE,100,エビルマリス（大梁）,エビルマリス,27,木,陰陽師,3087,2750,116,53,25,20,103,38,50,2,0.89,大梁,　,
TRUE,101,山林の天道虫（建木の林）,山林の天道虫,28,土,楽師,3438,2900,137,61,21,21,90,78,5,7,0.843,建木の林,　,
TRUE,102,アリマン（青海湖盆地）,アリマン,28,金,商人,3438,2900,168,68,21,21,90,35,0,3,0.843,青海湖盆地,　,
TRUE,103,吸血キョンシー（長陽北区）,吸血キョンシー,28,金,刀客,6498,7250,275,55,11,21,90,39,0,2,1.115,長陽北区,大,
TRUE,104,椎茸精（大梁）,椎茸精,28,土,剣客,34379,37700,176,75,23,20,90,35,,,1.096,大梁,　,
TRUE,105,おサル（建木の林）,おサル,29,木,狩人,3601,3050,161,70,42,22,94,40,20,2,0.846,建木の林,　,
TRUE,106,クーク（百草平地）,クーク,29,無,平民,3601,3050,161,70,22,22,94,40,0,2,0.846,百草平地,　,
TRUE,107,ブチュネバ（水神廟）,ブチュネバ,29,水,盗賊,4213,4575,129,66,22,32,94,40,0,12,1.085,水神廟,　,
TRUE,108,バンバンブー（雲夢平原）,バンバンブー,29,木,平民,5402,6100,161,70,22,22,94,40,0,2,1.129,雲夢平原,小,
TRUE,109,闇夜キョンシー（防風氏の墓）,闇夜キョンシー,29,金,傭兵,6482,7625,161,139,22,22,94,32,0,3,1.176,防風氏の墓,大,
TRUE,110,土石の天道虫（大梁）,土石の天道虫,29,土,商人,4447,3965,177,84,20,22,84,44,10,2,0.891,大梁,　,
TRUE,111,ウッディ（建木の林）,ウッディ,30,木,刀客,4070,3200,305,61,13,23,98,43,0,2,0.786,建木の林,　,
TRUE,112,トタス（水神廟）,トタス,30,水,傭兵,5291,4800,169,154,23,23,98,34,0,3,0.907,水神廟,　,
TRUE,113,タルロウ（旅館の地下室）,タルロウ,30,火,武術家,8059,8000,169,61,23,23,98,41,0,2,0.992,旅館の地下室,大,
TRUE,114,水晶の天道虫（大梁）,水晶の天道虫,30,水,楽師,5556,4160,127,61,23,18,112,56,0,0,0.748,大梁,　,
TRUE,115,火炎エリマキング（銅角山）,火炎エリマキング,30,火,武術家,8059,8000,169,61,23,23,98,41,0,2,0.992,銅角山,大,
FALSE,116,蒼建木ペンギン（建木道観）,蒼建木ペンギン,30,水,踊り子,5027,4800,,,,,,,,,0.954,建木道観,,
FALSE,117,蒼建木ペンギン（建木道観）,蒼建木ペンギン,30,水,踊り子,5151,4800,,,,,,,,,0.954,建木道観,,
TRUE,118,ホンクリ（百草平地）,ホンクリ,31,土,剣客,4036,3400,179,94,23,23,103,44,0,3,0.842,百草平地,　,
TRUE,119,人喰い屍（水神廟）,人喰い屍,31,金,踊り子,12745,13600,161,70,23,23,103,66,5,8,1.067,水神廟,　,
TRUE,120,ノラボス（雲夢平原）,ノラボス,31,無,商人,6373,6800,197,78,23,23,103,39,0,2,1.067,雲夢平原,小,
TRUE,121,火炎の天道虫（大梁）,火炎の天道虫,31,火,踊り子,5247,4420,143,66,23,29,103,46,0,53,0.842,大梁,　,
TRUE,122,これむ（百草平地）,これむ,32,土,傭兵,4430,3600,189,159,24,24,108,36,0,2,0.812,百草平地,　,
TRUE,123,ネバ王（水神廟）,ネバ王,32,土,踊り子,4607,5400,151,56,24,24,108,45,5,53,1.172,水神廟,　,
TRUE,124,ダイバード（鳳凰の塔）,ダイバード,32,火,陰陽師,6313,7200,189,80,24,24,108,49,10,3,1.14,鳳凰の塔,小,
TRUE,125,クークの雄（建木の林）,クークの雄,32,無,傭兵,6645,7200,189,159,24,24,108,36,0,2,1.083,建木の林,小,
TRUE,126,宝箱怪（文命の地下水道）,宝箱怪,32,土,商人,7974,9000,208,80,24,24,108,40,0,2,1.128,文命の地下水道,大,
TRUE,127,霊芝精（大梁）,霊芝精,32,土,商人,42087,46800,208,96,22,24,97,49,,,1.111,大梁,　,
TRUE,128,ドクゲーハ（百草平地）,ドクゲーハ,33,水,蟲師,4385,3800,189,73,25,25,113,47,10,3,0.866,百草平地,　,
TRUE,129,シビト（水神廟）,シビト,33,水,陰陽師,5700,5700,199,81,25,25,113,52,10,3,1,水神廟,　,
FALSE,130,紅建木ペンギン（建木道観）,紅建木ペンギン,33,火,陰陽師,27694,19000,,,,,,,,,0.686,建木道観,　,
TRUE,131,花精（百草平地）,花精,34,木,医者,4565,4000,198,78,26,26,124,53,5,8,0.876,百草平地,,
TRUE,132,花精（煉妖壺世界表）,花精,34,木,医者,4565,4000,198,78,26,26,124,53,5,8,0.876,煉妖壺世界表,,
TRUE,133,賊兵（山賊砦）,賊兵,34,無,武術家,7227,6000,209,66,26,26,118,45,0,3,0.83,山賊砦,　,
TRUE,134,トタル（水神廟）,トタル,34,水,剣客,5934,6000,209,99,26,26,118,48,0,3,1.011,水神廟,　,
TRUE,135,超巨大食人花（大梁）,超巨大食人花,34,木,刀客,120120,132000,271,83,20,23,95,38,,,1.098,大梁,小,
TRUE,136,クークマ（百草平地）,クークマ,35,無,平民,5355,4200,219,90,26,26,123,51,0,3,0.784,百草平地,　,
TRUE,137,厨房賊兵（山賊砦）,厨房賊兵,35,無,狩人,16064,16800,219,90,46,26,123,51,20,3,1.045,山賊砦,　,
TRUE,138,悶絶おサル（建木の林）,悶絶おサル,35,木,商人,8032,8400,240,90,26,26,123,45,0,2,1.045,建木の林,小,
TRUE,139,ミミック（パオの洞窟）,ミミック,35,無,平民,6961,6300,219,90,26,26,123,51,0,3,0.905,パオの洞窟,,
TRUE,140,ミミック（煉妖壺世界表）,ミミック,35,無,平民,6961,6300,219,90,26,26,123,51,0,3,0.905,煉妖壺世界表,,
TRUE,141,ゴボルト（大梁）,ゴボルト,35,金,盗賊,6613,5400,219,94,26,39,99,43,0,28,0.816,大梁,　,
FALSE,142,狐狸（長陽城防衛）,狐狸,35,金,剣客,79692,87100,,,,,,,,,1.092,長陽城防衛,　,
FALSE,143,亡霊鬼（長陽城防衛）,亡霊鬼,35,無,刀客,83883,87100,,,,,,,,,1.038,長陽城防衛,　,
FALSE,144,骸骨護衛（長陽城防衛）,骸骨護衛,35,木,武術家,92275,87100,,,,,,,,,0.943,長陽城防衛,　,
TRUE,145,アウローズ（百草平地）,アウローズ,36,木,刀客,5559,4400,410,73,17,27,128,52,0,3,0.791,百草平地,,
TRUE,146,アウローズ（玄火山脈）,アウローズ,36,木,刀客,5559,4400,410,73,17,27,128,52,0,3,0.791,玄火山脈,,
TRUE,147,独眼鬼（雲夢平原）,独眼鬼,36,土,傭兵,10006,11000,228,183,27,27,128,41,0,2,1.099,雲夢平原,大,
TRUE,148,独眼鬼（パオの洞窟）,独眼鬼,36,土,踊り子,5781,6600,182,64,27,27,128,52,5,53,1.141,パオの洞窟,　,
TRUE,149,参芝精（煉妖壺世界表）,参芝精,36,無,医者,6865,6600,228,91,27,27,134,57,5,8,0.961,煉妖壺世界表,　,
TRUE,150,一つ目幽魂（巨石林）,一つ目幽魂,36,金,楽師,7227,6600,205,82,27,27,128,77,5,8,0.913,巨石林,　,
FALSE,151,妖狐戦士（建木道観）,妖狐戦士,36,木,傭兵,11382,6600,,,,,,,,,0.579,建木道観,　,
TRUE,152,アオマキ（玄火山脈）,アオマキ,37,火,狩人,5767,4600,237,93,48,28,133,53,20,3,0.797,玄火山脈,　,
TRUE,153,ゴルボルト（大梁）,ゴルボルト,37,金,傭兵,7872,5980,273,121,28,22,100,42,0,0,0.759,大梁,　,
TRUE,154,モスヒーロー（煉妖壺世界表）,モスヒーロー,37,水,盗賊,15571,18400,190,88,28,38,133,53,0,13,1.181,煉妖壺世界表,　,
TRUE,155,リリス（玄火山脈）,リリス,38,火,商人,6093,4800,271,96,29,29,138,49,0,2,0.787,玄火山脈,,
TRUE,156,リリス（煉妖壺世界表）,リリス,38,火,商人,6093,4800,271,96,29,29,138,49,0,2,0.787,煉妖壺世界表,,
TRUE,157,幽魂（巨石林）,幽魂,38,金,陰陽師,8682,7200,246,96,29,29,138,60,10,3,0.829,巨石林,　,
TRUE,158,幽魂（水神廟）,幽魂,38,金,陰陽師,8682,9600,246,96,29,29,138,60,10,3,1.105,水神廟,小,
TRUE,159,ウッサ（百草平地）,ウッサ,38,土,武術家,33511,24000,246,77,29,29,138,52,0,3,0.716,百草平地,小,
TRUE,160,コボルド（ジョカの石窟）,コボルド,39,火,盗賊,7383,7500,205,93,29,39,142,56,0,13,1.015,ジョカの石窟,　,
TRUE,161,コボルド（玄火山脈）,コボルド,39,火,盗賊,5679,5000,205,93,29,39,142,56,0,13,0.88,玄火山脈,　,
TRUE,162,クインモス（東海平原）,クインモス,39,水,楽師,8204,7500,230,88,29,29,142,84,5,8,0.914,東海平原,　,
TRUE,163,クインモス（煉妖壺世界表）,クインモス,39,水,楽師,6310,5000,230,88,29,29,142,84,5,8,0.792,煉妖壺世界表,　,
TRUE,164,下級道士（万寿山五壮観）,下級道士,39,火,道士,7793,7500,205,97,29,29,156,56,10,8,0.962,万寿山五壮観,　,
TRUE,165,水花精（大梁）,水花精,39,水,陰陽師,8204,6500,205,83,29,37,171,59,50,3,0.792,大梁,　,
FALSE,166,妖狐刀客（建木道観）,妖狐刀客,39,木,刀客,25000,25000,,,,,,,,,1,建木道観,　,
TRUE,167,紅衣の幽魂（山賊砦）,紅衣の幽魂,40,無,道士,9929,10400,212,106,30,30,162,59,10,8,1.047,山賊砦,小,
TRUE,168,クーク王（百草平地）,クーク王,40,水,蟲師,33096,26000,252,95,30,30,147,59,10,3,0.785,百草平地,小,
TRUE,169,キングトタス（水神廟）,キングトタス,40,水,傭兵,12542,13000,265,211,30,30,147,47,0,2,1.036,水神廟,大,
TRUE,170,魔樹（建木の林）,魔樹,40,木,刀客,12542,13000,265,106,30,30,147,59,0,3,1.036,建木の林,大,
TRUE,171,穏和小童（黄帝剣派）,穏和小童,40,無,道士,8605,7800,212,106,30,30,162,59,10,8,0.906,黄帝剣派,　,
TRUE,172,悪戯小童（黄帝剣派）,悪戯小童,40,無,道士,9058,7800,238,95,30,30,147,118,5,8,0.861,黄帝剣派,　,
TRUE,173,火花精（大梁）,火花精,40,火,道士,9058,6760,212,84,24,27,191,59,10,7,0.746,大梁,　,
TRUE,174,魔樹（煉妖壺世界表）,魔樹,40,木,刀客,9058,7800,447,84,20,30,147,59,0,3,0.861,煉妖壺世界表,　,
TRUE,175,キガングモ（ジョカの石窟）,キガングモ,41,土,武術家,10297,8250,275,86,31,31,153,57,0,3,0.801,ジョカの石窟,　,
TRUE,176,金の守護獣（東海平原）,金の守護獣,41,金,平民,7201,5500,275,107,31,31,153,60,0,3,0.763,東海平原,　,
TRUE,177,金の守護獣（黄帝剣派）,金の守護獣,41,金,道士,10261,11000,220,107,31,31,168,60,10,8,1.072,黄帝剣派,小,
TRUE,178,石獅子（万寿山五壮観）,石獅子,41,土,傭兵,9361,8250,275,214,31,31,153,54,0,2,0.881,万寿山五壮観,　,
TRUE,179,飛頭蛮（東海平原）,飛頭蛮,42,土,平民,7438,5800,286,108,32,32,159,64,0,3,0.779,東海平原,　,
TRUE,180,逃亡犯（ジョカの石窟）,逃亡犯,42,無,平民,22314,23200,286,108,32,32,159,64,0,3,1.039,ジョカの石窟,,
TRUE,181,逃亡犯（文命の地下水道弐）,逃亡犯,42,無,平民,22314,23200,286,108,32,32,159,64,0,3,1.039,文命の地下水道弐,,
TRUE,182,中級道士（万寿山五壮観）,中級道士,42,火,道士,9186,8700,286,108,32,32,159,70,10,3,0.947,万寿山五壮観,　,
TRUE,183,仙芝参（煉妖壺世界表）,仙芝参,42,無,商人,11157,11600,314,108,32,32,159,57,0,2,1.039,煉妖壺世界表,小,
FALSE,184,幻影妖狐（建木道観）,幻影妖狐,42,火,盗賊,15899,,,,,,,,,,,建木道観,大,
TRUE,185,雲狐（東海平原）,雲狐,43,金,剣客,7494,6100,296,139,32,32,164,65,0,3,0.813,東海平原,　,
TRUE,186,一角彩魚（文命の地下水道弐）,一角彩魚,43,水,楽師,10255,9150,267,102,32,32,164,130,5,8,0.892,文命の地下水道弐,　,
TRUE,187,悪狼（ジョカの石窟）,悪狼,43,火,剣客,9742,9150,296,135,32,32,164,65,0,3,0.939,ジョカの石窟,　,
TRUE,188,悪狼（玄火山脈）,悪狼,43,火,剣客,11241,12200,296,135,32,32,164,65,0,3,1.085,玄火山脈,小,
TRUE,189,悪狼（巨石林）,悪狼,43,火,剣客,11241,12200,296,135,32,32,164,65,0,3,1.085,巨石林,,
TRUE,190,木の守護獣（黄帝剣派）,木の守護獣,43,木,道士,11241,12200,237,113,32,32,181,65,10,8,1.085,黄帝剣派,小,
FALSE,191,焼焦の樹人（建木道観）,焼焦の樹人,43,水,剣客,15383,9150,,,,,,,,,0.594,建木道観,　,
TRUE,192,蝶皇（東海平原）,蝶皇,44,木,平民,8137,6400,307,114,33,33,170,66,0,3,0.786,東海平原,　,
TRUE,193,邪骨魚（文命の地下水道弐）,邪骨魚,44,水,傭兵,10578,9600,307,228,33,33,170,53,0,2,0.907,文命の地下水道弐,　,
TRUE,194,悪骨魚（文命の地下水道弐）,悪骨魚,45,水,陰陽師,10360,10050,317,116,34,34,176,74,10,3,0.97,文命の地下水道弐,　,
TRUE,195,モクサル（迷霧の森）,モクサル,45,木,平民,10950,10050,317,116,34,34,176,67,0,3,0.917,迷霧の森,　,
TRUE,196,厨房賊兵頭目（山賊砦）,厨房賊兵頭目,45,無,商人,15100,16750,349,116,34,34,176,61,0,2,1.109,山賊砦,大,
TRUE,197,樹人（東海平原）,樹人,45,木,狩人,8389,6700,637,116,54,34,176,67,20,3,0.798,東海平原,　,
TRUE,198,樹人（煉妖壺世界表）,樹人,45,木,道士,11954,13400,254,116,34,34,194,67,10,8,1.12,煉妖壺世界表,小,
TRUE,199,水之聖獸（黄帝剣派）,水之聖獸,45,水,道士,11954,13400,254,116,34,34,194,67,10,8,1.12,黄帝剣派,小,
TRUE,200,アルラウネ（百草平地）,アルラウネ,45,木,刀客,15100,16750,349,119,34,34,176,61,0,2,1.109,百草平地,大,
FALSE,201,異変の樹人（建木道観）,異変の樹人,45,木,剣客,25166,13400,,,,,,,,,0.532,建木道観,　,
TRUE,202,鬼頭（城隍廟）,鬼頭,46,木,道士,10675,10500,262,117,35,35,199,69,10,,0.983,城隍廟,　,
TRUE,203,鬼骨飛魚公（文命の地下水道弐）,鬼骨飛魚公,46,水,剣客,10675,10500,328,140,35,35,181,69,0,4,0.983,文命の地下水道弐,　,
TRUE,204,バリード（迷霧の森）,バリード,46,無,剣客,24636,28000,328,140,35,35,181,69,0,4,1.136,迷霧の森,　,
TRUE,205,鬼骨飛魚母（文命の地下水道弐）,鬼骨飛魚母,47,無,踊り子,9259,10950,270,83,35,35,187,70,5,54,1.182,文命の地下水道弐,　,
TRUE,206,赤蠍（玄火山）,赤蠍,47,火,踊り子,9259,10950,270,83,35,35,187,70,5,54,1.182,玄火山,　,
TRUE,207,蝶后（迷霧の森）,蝶后,47,火,道士,10995,10950,270,119,35,35,205,70,10,9,0.995,迷霧の森,　,
TRUE,208,悪霊鬼頭（城隍廟）,悪霊鬼頭,47,無,踊り子,9259,10950,270,83,35,35,187,70,5,54,1.182,城隍廟,　,
TRUE,209,骸骨太刀兵（東海平原）,骸骨太刀兵,47,無,刀客,13355,14600,608,95,25,35,187,70,0,4,1.093,東海平原,小,
TRUE,210,イナバ（万寿山五壮観）,イナバ,47,土,武術家,14690,14600,338,95,35,35,187,66,0,4,0.993,万寿山五壮観,小,
TRUE,211,コーレム（文命の地下水道弐）,コーレム,48,土,傭兵,12452,11400,348,251,36,36,192,59,0,1,0.915,文命の地下水道弐,　,
TRUE,212,ハクサル（迷霧の森）,ハクサル,48,木,狩人,12452,11400,348,125,56,36,192,74,20,4,0.915,迷霧の森,　,
TRUE,213,小青蛇（龍棲山）,小青蛇,48,木,平民,9578,7600,348,125,36,36,192,74,0,4,0.793,龍棲山,　,
TRUE,214,邪霊鬼頭（城隍廟）,邪霊鬼頭,48,金,陰陽師,11829,11400,348,125,36,36,192,82,10,4,0.963,城隍廟,　,
TRUE,215,牛頭妖（玄火山）,牛頭妖,48,土,楽師,12451,11400,348,113,36,36,192,149,5,9,0.915,玄火山,　,
TRUE,216,パワードリリス（玄火山脈）,パワードリリス,48,火,刀客,17241,19000,383,125,36,36,192,67,0,1,1.102,玄火山脈,大,
TRUE,217,白髪老妖（巨石林）,白髪老妖,48,水,刀客,18103,19000,453,100,26,36,192,74,0,4,1.049,巨石林,大,
TRUE,218,アルバリード（迷霧の森）,アルバリード,49,無,傭兵,12807,11850,358,254,37,37,197,61,0,1,0.925,迷霧の森,　,
TRUE,219,エビルリリス（玄火山）,エビルリリス,49,火,商人,12807,11850,394,127,37,37,197,68,0,1,0.925,玄火山,　,
TRUE,220,毒蛇（龍棲山）,毒蛇,49,無,蟲師,11230,8690,341,114,37,37,197,76,10,4,0.773,龍棲山,　,
TRUE,221,暴のリリス（文命の地下水道弐）,暴のリリス,49,火,商人,12807,11850,394,127,37,37,197,68,0,1,0.925,文命の地下水道弐,　,
TRUE,222,魔霊鬼頭（城隍廟）,魔霊鬼頭,49,火,楽師,12807,11850,323,114,37,37,197,151,5,9,0.925,城隍廟,　,
FALSE,223,魔石獅子（建木道観）,魔石獅子,49,金,蟲師,39407,39500,,,,,,,,,1.002,建木道観,　,
TRUE,224,牛頭鬼兵（城隍廟）,牛頭鬼兵,50,土,武術家,35614,32800,369,109,38,38,203,76,0,4,0.92,城隍廟,　,
TRUE,225,牛頭妖兵（玄火山）,牛頭妖兵,50,土,武術家,15433,12300,369,109,38,38,203,76,0,4,0.796,玄火山,　,
TRUE,226,薬草蛇（龍棲山）,薬草蛇,50,木,医者,12303,9020,350,130,38,38,213,88,5,9,0.733,龍棲山,　,
TRUE,227,烈火蛇（龍棲山）,烈火蛇,50,火,剣客,12303,9020,369,164,38,38,203,80,0,4,0.733,龍棲山,　,
TRUE,228,脱走囚（文命の地下水道弐）,脱走囚,50,無,踊り子,12951,16400,295,96,38,38,203,80,5,54,1.266,文命の地下水道弐,小,
TRUE,229,小蛾仙（東海平原）,小蛾仙,50,無,陰陽師,15379,16400,369,137,38,38,203,88,10,4,1.066,東海平原,小,
TRUE,230,小蛾仙（煉妖壺世界表）,小蛾仙,50,無,陰陽師,15379,16400,369,137,38,38,203,88,10,4,1.066,煉妖壺世界表,大,
FALSE,231,霊狐（長陽城防衛）,霊狐,50,金,剣客,145342,158600,,,,,,,,,1.091,長陽城防衛,　,
FALSE,232,地獄鬼（長陽城防衛）,地獄鬼,50,無,刀客,152992,158600,,,,,,,,,1.036,長陽城防衛,　,
FALSE,233,骸骨闘士（長陽城防衛）,骸骨闘士,50,火,武術家,168291,158600,,,,,,,,,0.942,長陽城防衛,　,
TRUE,234,藍水蛇（龍棲山）,藍水蛇,51,水,陰陽師,12635,9460,254,138,38,38,209,90,10,4,0.748,龍棲山,　,
TRUE,235,金蛇（龍棲山）,金蛇,51,金,商人,13300,9460,419,138,38,38,209,73,0,1,0.711,龍棲山,　,
TRUE,236,大蛇（龍棲山）,大蛇,51,無,刀客,221670,215000,495,110,28,38,209,81,0,4,0.969,龍棲山,　,
TRUE,237,砂蛇（龍棲山）,砂蛇,52,土,狩人,13654,9900,393,139,59,39,216,83,20,4,0.725,龍棲山,　,
TRUE,238,山賊（龍棲山）,山賊,52,木,盗賊,15361,12600,314,132,39,49,216,83,0,14,0.82,龍棲山,　,
TRUE,239,牛頭魚（文命の地下水道弐）,牛頭魚,52,水,盗賊,15361,18450,314,132,39,49,216,83,0,14,1.201,文命の地下水道弐,小,
TRUE,240,亡魂道鬼（城隍廟）,亡魂道鬼,52,金,武術家,18774,18000,393,112,39,39,216,79,0,1,0.958,城隍廟,小,
TRUE,241,脱走死刑囚（ジョカの石窟）,脱走死刑囚,52,無,刀客,20481,22500,432,139,39,39,216,75,0,1,1.098,ジョカの石窟,大,
TRUE,242,鬼僕（万寿山五壮観）,鬼僕,52,火,刀客,21505,22500,511,112,29,39,216,83,0,4,1.046,万寿山五壮観,大,
FALSE,243,束縛小童（建木道観）,束縛小童,52,木,商人,32428,18000,,,,,,,,,0.555,建木道観,　,
TRUE,244,小ガラガラ（龍棲山）,小ガラガラ,53,無,平民,14012,10340,270,141,40,40,223,88,0,4,0.737,龍棲山,　,
TRUE,245,山賊の守衛（龍棲山）,山賊の守衛,53,木,武術家,19267,13160,405,113,40,40,223,84,0,4,0.683,龍棲山,　,
TRUE,246,鎧蛇（龍棲山）,鎧蛇,53,土,傭兵,233536,235000,405,282,40,40,223,70,0,1,1.006,龍棲山,　,
TRUE,247,毒地獄鬼（城隍廟）,毒地獄鬼,53,金,盗賊,15760,18800,324,134,40,50,223,88,0,,1.192,城隍廟,小,
TRUE,248,藍宝金魚王（文命の地下水道弐）,藍宝金魚王,53,水,楽師,21018,23500,364,127,40,40,223,179,5,9,1.118,文命の地下水道弐,大,
TRUE,249,餓地獄鬼（城隍廟）,餓地獄鬼,53,金,狩人,17515,18800,405,141,60,40,223,88,,,1.073,城隍廟,小,
TRUE,250,ガラガラ（龍棲山）,ガラガラ,54,水,陰陽師,45519,49000,278,142,41,41,230,98,10,4,1.076,龍棲山,　,
TRUE,251,夜ガラガラ（龍棲山）,夜ガラガラ,54,水,楽師,23958,19600,250,128,41,41,230,179,5,9,0.818,龍棲山,,
TRUE,252,山賊の刺客（龍棲山）,山賊の刺客,54,木,盗賊,43124,49000,334,135,41,51,230,89,0,14,1.136,龍棲山,　,
TRUE,253,冷酷地獄鬼（城隍廟）,冷酷地獄鬼,54,金,楽師,17968,19600,375,128,41,41,230,179,5,9,1.09,城隍廟,小,
TRUE,254,抜舌地獄鬼（城隍廟）,抜舌地獄鬼,54,金,傭兵,17515,18800,405,282,40,40,223,70,0,1,1.073,城隍廟,小,
TRUE,255,血の海地獄鬼（城隍廟）,血の海地獄鬼,54,金,商人,17968,19600,459,142,41,41,230,80,0,1,1.09,城隍廟,小,
TRUE,256,池地獄鬼（城隍廟）,池地獄鬼,54,金,踊り子,14375,19600,334,100,41,41,230,89,5,54,1.363,城隍廟,小,
TRUE,257,火炎牛頭妖（玄火山）,火炎牛頭妖,54,火,武術家,19765,19600,417,114,41,41,230,85,0,4,0.991,玄火山,小,
FALSE,258,戦慄の骸骨兵（建木道観）,戦慄の骸骨兵,54,木,剣客,71873,49000,,,,,,,,,0.681,建木道観,　,
TRUE,259,畜生地獄鬼（城隍廟）,畜生地獄鬼,55,金,刀客,19273,20400,558,120,31,41,237,93,0,4,1.058,城隍廟,小,
TRUE,260,天ガラガラ（龍棲山）,天ガラガラ,55,水,道士,244120,255000,229,150,41,41,260,93,10,9,1.044,龍棲山,　,
TRUE,261,山賊の隊長（龍棲山）,山賊の隊長,55,木,商人,256968,255000,472,150,41,41,237,84,0,1,0.992,龍棲山,　,
TRUE,262,毒大蛇（龍棲山）,毒大蛇,55,無,蟲師,305149,336600,408,135,41,41,237,93,10,4,1.103,龍棲山,小,
FALSE,263,獅子邪神（建木道観）,獅子邪神,55,金,商人,202362,,,,,,,,,,,建木道観,大,
TRUE,264,牛頭魚（文命の地下水道弐）,牛頭魚,56,水,狩人,23699,26500,411,152,62,42,243,95,20,4,1.118,文命の地下水道弐,大,
FALSE,265,鬼魂霊（建木道観）,鬼魂霊,56,木,楽師,41473,21200,,,,,,,,,0.511,建木道観,　,
TRUE,266,キンコン（迷霧の森）,キンコン,57,木,刀客,20231,22000,814,123,33,43,249,96,0,4,1.087,迷霧の森,小,
TRUE,267,鋼鉄サソリ（玄火山）,鋼鉄サソリ,58,無,商人,24862,28500,511,155,44,44,256,90,0,1,1.146,玄火山,大,
FALSE,268,鬼魂猿（建木道観）,鬼魂猿,58,水,道士,82872,57000,,,,,,,,,0.687,建木道観,　,
TRUE,269,山賊の親玉（龍棲山）,山賊の親玉,59,木,刀客,353508,389400,619,125,34,44,262,102,0,4,1.101,龍棲山,小,
TRUE,270,紅兵ウッサ（仏山）,紅兵ウッサ,60,無,平民,33658,24400,635,193,78,45,417,155,0,4,0.724,仏山,　,
TRUE,271,黒卒ウッサ（仏山）,黒卒ウッサ,60,無,平民,33658,24400,635,193,78,45,417,155,0,4,0.724,仏山,　,
TRUE,272,亡霊飛龍（龍棲山）,亡霊飛龍,60,金,踊り子,367180,549000,390,117,45,45,269,108,5,54,1.495,龍棲山,大,
FALSE,273,参芝精（大梁）,参芝精,60,土,蟲師,91181,61000,,,,,,,,,0.668,大梁,,540
TRUE,274,骨魚（大梁）,骨魚,60,水,平民,19889,18300,635,193,75,45,416,155,0,4,0.92,大梁,,108
TRUE,275,ガラガラ大蛇（龍棲山）,ガラガラ大蛇,60,水,楽師,382479,402600,439,150,45,45,269,215,,,1.052,龍棲山,小,
TRUE,276,黒馬ウッサ（仏山）,黒馬ウッサ,61,金,商人,29728,25500,702,234,72,46,379,172,10,4,0.857,仏山,　,
TRUE,277,紅馬ウッサ（仏山）,紅馬ウッサ,61,金,医者,29728,25500,574,214,72,46,463,188,10,4,0.857,仏山,　,
TRUE,278,黒包ウッサ（仏山）,黒包ウッサ,61,金,狩人,31292,25500,765,205,119,46,337,133,25,4,0.814,仏山,　,
TRUE,279,紅炮ウッサ（仏山）,紅炮ウッサ,61,金,陰陽師,31292,25500,510,166,100,46,506,164,50,4,0.814,仏山,　,
TRUE,280,クマ（仏山）,クマ,61,土,武術家,375507,318750,638,175,80,48,421,141,0,9,0.848,仏山,　,
TRUE,281,黒車ウッサ（仏山）,黒車ウッサ,62,金,盗賊,30394,26600,641,206,81,70,341,135,0,30,0.875,仏山,　,
TRUE,282,紅車ウッサ（仏山）,紅車ウッサ,62,金,踊り子,30394,26600,513,167,81,58,426,167,0,55,0.875,仏山,　,
TRUE,283,黒象ウッサ（仏山）,黒象ウッサ,62,金,傭兵,33593,26600,737,255,81,37,320,120,0,0,0.791,仏山,　,
TRUE,284,紅相ウッサ（仏山）,紅相ウッサ,62,金,楽師,33593,26600,481,157,81,37,490,206,0,0,0.791,仏山,　,
TRUE,285,霊芝王（大梁）,霊芝王,62,土,医者,91181,66500,814,187,81,47,589,174,,,0.729,大梁,,558
TRUE,286,魔骨魚（大梁）,魔骨魚,62,水,剣客,91181,66500,857,236,81,47,561,159,,,0.729,大梁,,558
FALSE,287,千年樹（建木道観）,千年樹,62,水,蟲師,610697,,,,,,,,,,,建木道観,大,
TRUE,288,黒士ウッサ（仏山）,黒士ウッサ,63,金,剣客,33908,27700,764,225,90,45,438,150,5,0,0.816,仏山,　,
TRUE,289,紅仕ウッサ（仏山）,紅仕ウッサ,63,金,蟲師,33908,27700,664,184,86,45,438,150,5,0,0.816,仏山,　,
FALSE,290,ハイレイバード（崑崙山）,ハイレイバード,63,木,傭兵,20345,15235,,,,,,,,,0.748,崑崙山,　,
FALSE,291,ハイレイバート（崑崙山）,ハイレイバート,63,木,商人,20345,15235,,,,,,,,,0.748,崑崙山,　,
FALSE,292,氷結鳥（崑崙山）,氷結鳥,63,木,医者,20345,15235,,,,,,,,,0.748,崑崙山,　,
FALSE,293,氷河鳥（崑崙山）,氷河鳥,63,木,楽師,20345,15235,,,,,,,,,0.748,崑崙山,　,
TRUE,294,黒将軍ウッサ（仏山）,黒将軍ウッサ,64,金,刀客,173194,187200,896,206,67,43,363,135,10,5,1.08,仏山,　,
TRUE,295,紅元帥ウッサ（仏山）,紅元帥ウッサ,64,金,道士,173194,187200,551,165,67,43,591,169,10,5,1.08,仏山,　,
TRUE,296,月輪（仏山）,月輪,64,土,武術家,415665,360000,689,185,84,50,454,152,0,10,0.866,仏山,　,
TRUE,297,幼狼（仏山）,幼狼,64,無,平民,38103,28800,689,206,84,48,454,169,0,5,0.755,仏山,　,
TRUE,298,山賊の頭（龍棲山）,山賊の頭,64,木,剣客,493602,648000,541,214,48,48,301,120,0,5,1.312,龍棲山,大,
FALSE,299,霊白猿（崑崙山）,霊白猿,64,水,医者,32907,28800,,,,,,,,,0.875,崑崙山,　,
FALSE,300,霊黒猿（崑崙山）,霊黒猿,64,水,商人,32907,28800,,,,,,,,,0.875,崑崙山,　,
TRUE,301,雄狼（仏山）,雄狼,65,火,刀客,70754,74750,916,208,68,44,371,137,10,5,1.056,仏山,　,
TRUE,302,雌狼（仏山）,雌狼,65,火,道士,70754,74750,564,166,68,44,604,171,10,5,1.056,仏山,　,
TRUE,303,ガラガラ皇（龍棲山）,ガラガラ皇,65,水,楽師,530655,672750,498,162,49,49,309,244,5,10,1.267,龍棲山,大,
TRUE,304,聖霊芝王（大梁）,聖霊芝王,65,土,医者,756184,672750,803,231,76,49,656,206,,,0.889,大梁,小,
FALSE,305,霊白猿師（崑崙山）,霊白猿師,65,水,踊り子,33608,29900,,,,,,,,,0.889,崑崙山,　,
FALSE,306,霊黒猿戦士（崑崙山）,霊黒猿戦士,65,水,盗賊,33608,29900,,,,,,,,,0.889,崑崙山,　,
TRUE,307,雄狼リーダー（仏山）,雄狼リーダー,66,火,刀客,180611,201500,920,209,69,45,376,139,10,5,1.115,仏山,　,
TRUE,308,雌狼リーダー（仏山）,雌狼リーダー,66,火,道士,180611,201500,566,167,69,45,610,174,10,5,1.115,仏山,　,
FALSE,309,霊白猿仙（崑崙山）,霊白猿仙,66,水,楽師,189642,201500,,,,,,,,,1.062,崑崙山,　,
FALSE,310,霊白猿衛兵（崑崙山）,霊白猿衛兵,66,水,傭兵,189642,201500,,,,,,,,,1.062,崑崙山,　,
TRUE,311,狂月輪（仏山）,狂月輪,67,土,武術家,442495,401250,711,190,87,53,475,159,0,10,0.906,仏山,　,
FALSE,312,魔狼吸血兵（崑崙山）,魔狼吸血兵,67,土,刀客,36875,32100,,,,,,,,,0.87,崑崙山,　,
FALSE,313,魔狼地霊師（崑崙山）,魔狼地霊師,67,土,道士,36875,32100,,,,,,,,,0.87,崑崙山,　,
TRUE,314,ウッサの戦魂（仏山）,ウッサの戦魂,68,金,傭兵,509227,547800,844,283,89,41,368,148,0,0,1.075,仏山,小,
FALSE,315,魔狼蟲師（崑崙山）,魔狼蟲師,68,土,蟲師,38798,33200,,,,,,,,,0.855,崑崙山,　,
FALSE,316,魔狼亡霊兵（崑崙山）,魔狼亡霊兵,68,土,剣客,38798,33200,,,,,,,,,0.855,崑崙山,　,
FALSE,317,魔狼殺戮兵（崑崙山）,魔狼殺戮兵,68,火,平民,213390,215800,,,,,,,,,1.011,崑崙山,　,
TRUE,318,小影狼（仏山）,小影狼,69,木,狩人,494739,565950,906,231,135,52,401,159,25,5,1.143,仏山,小,
FALSE,319,魔狼亡霊師（崑崙山）,魔狼亡霊師,69,土,陰陽師,39579,34300,,,,,,,,,0.866,崑崙山,　,
FALSE,320,魔狼凶暴兵（崑崙山）,魔狼凶暴兵,69,土,盗賊,37600,34300,,,,,,,,,0.912,崑崙山,　,
TRUE,321,白双月輪（仏山）,白双月輪,70,土,武術家,626233,584100,771,205,91,55,510,176,0,10,0.932,仏山,小,
FALSE,322,汚染された鏡童（鏡書院）,汚染された鏡童,70,無,武術家,50099,35400,,,,,,,,,0.706,鏡書院,,210
FALSE,323,トタルス（玄武の塔）,トタルス,70,水,平民,41749,70800,,,,,,,,,1.695,玄武の塔,,210
FALSE,324,古紋鷹（朱雀の塔）,古紋鷹,70,火,武術家,50099,84960,,,,,,,,,1.695,朱雀の塔,,213
FALSE,325,魔狼破壊兵（崑崙山）,魔狼破壊兵,70,火,武術家,500986,442500,,,,,,,,,0.883,崑崙山,　,
FALSE,326,霊猿王（崑崙山）,霊猿王,70,水,武術家,626233,584100,,,,,,,,,0.932,崑崙山,小,
TRUE,327,楚河（仏山）,楚河,72,水,医者,618153,868500,699,254,85,54,574,240,10,5,1.404,仏山,大,
TRUE,328,漢界（仏山）,漢界,72,土,商人,618153,868500,855,277,85,54,470,220,10,5,1.404,仏山,大,
TRUE,329,制御不能鏡童（鏡書院）,制御不能鏡童,72,無,陰陽師,43379,38600,,196,,,,,,,0.889,鏡書院,,216
FALSE,330,ドートタルス（玄武の塔）,ドートタルス,72,水,傭兵,43379,77200,,,,,,,,,1.779,玄武の塔,,216
FALSE,331,魔狼覇王（崑崙山）,魔狼覇王,72,火,傭兵,569352,636900,,,,,,,,,1.118,崑崙山,小,
TRUE,332,夜影狼（仏山）,夜影狼,73,木,盗賊,629918,904500,804,244,95,82,428,178,0,30,1.435,仏山,大,
FALSE,333,烈火鷹（朱雀の塔）,烈火鷹,73,火,陰陽師,44205,80400,,,,,,,,,1.818,朱雀の塔,,219
FALSE,334,ネオレイバード（崑崙山）,ネオレイバード,73,水,陰陽師,663072,,,,,,,,,,,崑崙山,大,
TRUE,335,熊神（仏山）,熊神,74,無,武術家,810672,904500,830,211,97,58,548,191,0,10,1.115,仏山,大,
FALSE,336,狂暴化鏡童（鏡書院）,狂暴化鏡童,74,無,刀客,45037,41800,,,,,,,,,0.928,鏡書院,,222
TRUE,337,ドタル（玄武の塔）,ドタル,74,水,狩人,117097,188100,,336,,,,,,,1.606,玄武の塔,,666
TRUE,338,エビルトタルス（玄武の塔）,エビルトタルス,74,水,踊り子,111242,188100,,204,,,,251,,,1.69,玄武の塔,,222
FALSE,339,赤紋鷹（朱雀の塔）,赤紋鷹,74,火,蟲師,90075,156750,,,,,,,,,1.74,朱雀の塔,,222
FALSE,340,機関破砲（鏡書院）,機関破砲,75,無,狩人,45877,43400,,,,,,,,,0.946,鏡書院,,225
FALSE,341,魂魄猿王（崑崙山）,魂魄猿王,75,水,平民,756968,,,,,,,,,,,崑崙山,大,
FALSE,342,妖魔化鏡童（鏡書院）,妖魔化鏡童,76,無,剣客,46723,45000,,,,,,,,,0.963,鏡書院,,228
FALSE,343,ドータル（玄武の塔）,ドータル,76,水,刀客,115407,191250,,,,,,,,,1.657,玄武の塔,,684
FALSE,344,赤焔鷹（朱雀の塔）,赤焔鷹,76,火,刀客,121481,202500,,,,,,,,,1.666,朱雀の塔,,228
FALSE,345,赤霊のたまご（朱雀の塔）,赤霊のたまご,77,火,平民,61850,102520,,,,,,,,,1.657,朱雀の塔,,231
FALSE,346,魔狼帝王（崑崙山）,魔狼帝王,77,火,傭兵,749332,,,,,,,,,,,崑崙山,大,
FALSE,347,爆破鏡童（鏡書院）,爆破鏡童,78,無,商人,98316,120500,,,,,,,,,1.225,鏡書院,,702
FALSE,348,ドタルン（玄武の塔）,ドタルン,78,水,陰陽師,137642,228950,,,,,,,,,1.663,玄武の塔,,702
FALSE,349,赤火妖鳥（朱雀の塔）,赤火妖鳥,79,火,狩人,136887,224100,,,,,,,,,1.637,朱雀の塔,,720
FALSE,350,鏡童の首領（鏡書院）,鏡童の首領,80,無,傭兵,112475,128500,,,,,,,,,1.142,鏡書院,,720
FALSE,351,ガードドタル（玄武の塔）,ガードドタル,80,水,道士,142468,231300,,,,,,,,,1.623,玄武の塔,,720
FALSE,352,青火妖鳥（朱雀の塔）,青火妖鳥,80,火,剣客,139255,231300,,,,,,,,,1.66,朱雀の塔,,711