ID,クラス1,クラス2,職業名,戦技,天賦名,天賦レベル,習得レベル,消費MP,CD,威力,分類,属性,増幅率(%),固定,威力2,分類2,属性2,定義
111101010,前衛,A,剣客,法術剣,木葉斬,1,10,3,10,,法術,木,100,,,,,
111101020,前衛,A,剣客,法術剣,木葉斬,2,13,5,10,,法術,木,100,,,,,
111101030,前衛,A,剣客,法術剣,木葉斬,3,16,7,10,,法術,木,100,,,,,
111101040,前衛,A,剣客,法術剣,木葉斬,4,19,9,10,,法術,木,100,,,,,
111101050,前衛,A,剣客,法術剣,木葉斬,5,22,11,10,,法術,木,100,,,,,
111101060,前衛,A,剣客,法術剣,木葉斬,6,25,13,10,,法術,木,100,,,,,
111101070,前衛,A,剣客,法術剣,木葉斬,7,28,15,10,,法術,木,100,,,,,
111101080,前衛,A,剣客,法術剣,木葉斬,8,31,17,10,,法術,木,100,,,,,
111101090,前衛,A,剣客,法術剣,木葉斬,9,34,19,10,,法術,木,100,,,,,
111101100,前衛,A,剣客,法術剣,木葉斬,10,37,21,10,,法術,木,100,,,,,
111101110,前衛,A,剣客,法術剣,木葉斬,11,50,23,10,,法術,木,100,,,,,
111101120,前衛,A,剣客,法術剣,木葉斬,12,54,26,10,,法術,木,100,,,,,
111101130,前衛,A,剣客,法術剣,木葉斬,13,58,30,10,,法術,木,100,,,,,
111101140,前衛,A,剣客,法術剣,木葉斬,14,62,35,10,,法術,木,100,,,,,
111101151,前衛,A,剣客,法術剣,木葉斬,15,66,40,10,6000,法術,木,100,,,,,TRUE
111101161,前衛,A,剣客,法術剣,木葉斬,16,70,46,10,6900,法術,木,100,,,,,TRUE
111101170,前衛,A,剣客,法術剣,木葉斬,17,74,52,10,,法術,木,,,,,,
111102010,前衛,A,剣客,法術剣,怒涛水撃,1,11,3,10,,法術,水,100,,,,,
111102020,前衛,A,剣客,法術剣,怒涛水撃,2,14,5,10,,法術,水,100,,,,,
111102030,前衛,A,剣客,法術剣,怒涛水撃,3,17,7,10,,法術,水,100,,,,,
111102040,前衛,A,剣客,法術剣,怒涛水撃,4,20,9,10,,法術,水,100,,,,,
111102050,前衛,A,剣客,法術剣,怒涛水撃,5,23,11,10,,法術,水,100,,,,,
111102060,前衛,A,剣客,法術剣,怒涛水撃,6,26,13,10,,法術,水,100,,,,,
111102070,前衛,A,剣客,法術剣,怒涛水撃,7,29,15,10,,法術,水,100,,,,,
111102080,前衛,A,剣客,法術剣,怒涛水撃,8,32,17,10,,法術,水,100,,,,,
111102090,前衛,A,剣客,法術剣,怒涛水撃,9,35,19,10,,法術,水,100,,,,,
111102100,前衛,A,剣客,法術剣,怒涛水撃,10,38,21,10,,法術,水,100,,,,,
111102110,前衛,A,剣客,法術剣,怒涛水撃,11,51,23,10,,法術,水,100,,,,,
111102120,前衛,A,剣客,法術剣,怒涛水撃,12,55,26,10,,法術,水,100,,,,,
111102130,前衛,A,剣客,法術剣,怒涛水撃,13,59,30,10,,法術,水,100,,,,,
111102140,前衛,A,剣客,法術剣,怒涛水撃,14,63,35,10,,法術,水,100,,,,,
111102151,前衛,A,剣客,法術剣,怒涛水撃,15,67,40,10,6000,法術,水,100,,,,,TRUE
111102160,前衛,A,剣客,法術剣,怒涛水撃,16,71,46,10,,法術,水,,,,,,
111103010,前衛,A,剣客,法術剣,金雷閃襲,1,11,3,10,,法術,金,100,,,,,
111103020,前衛,A,剣客,法術剣,金雷閃襲,2,14,5,10,,法術,金,100,,,,,
111103030,前衛,A,剣客,法術剣,金雷閃襲,3,17,7,10,,法術,金,100,,,,,
111103040,前衛,A,剣客,法術剣,金雷閃襲,4,20,9,10,,法術,金,100,,,,,
111103050,前衛,A,剣客,法術剣,金雷閃襲,5,23,11,10,,法術,金,100,,,,,
111103060,前衛,A,剣客,法術剣,金雷閃襲,6,26,13,10,,法術,金,100,,,,,
111103070,前衛,A,剣客,法術剣,金雷閃襲,7,29,15,10,,法術,金,100,,,,,
111103080,前衛,A,剣客,法術剣,金雷閃襲,8,32,17,10,,法術,金,100,,,,,
111103090,前衛,A,剣客,法術剣,金雷閃襲,9,35,19,10,,法術,金,100,,,,,
111103100,前衛,A,剣客,法術剣,金雷閃襲,10,38,21,10,,法術,金,100,,,,,
111103110,前衛,A,剣客,法術剣,金雷閃襲,11,51,23,10,,法術,金,100,,,,,
111103120,前衛,A,剣客,法術剣,金雷閃襲,12,55,26,10,,法術,金,100,,,,,
111103130,前衛,A,剣客,法術剣,金雷閃襲,13,59,30,10,,法術,金,100,,,,,
111103140,前衛,A,剣客,法術剣,金雷閃襲,14,63,35,10,,法術,金,100,,,,,
111103151,前衛,A,剣客,法術剣,金雷閃襲,15,67,40,10,6000,法術,金,100,,,,,TRUE
111103160,前衛,A,剣客,法術剣,金雷閃襲,16,71,46,10,,法術,金,,,,,,
111104010,前衛,A,剣客,法術剣,御剣燎原,1,12,3,10,,法術,火,100,,,,,
111104020,前衛,A,剣客,法術剣,御剣燎原,2,15,5,10,,法術,火,100,,,,,
111104030,前衛,A,剣客,法術剣,御剣燎原,3,18,7,10,,法術,火,100,,,,,
111104040,前衛,A,剣客,法術剣,御剣燎原,4,21,9,10,,法術,火,100,,,,,
111104050,前衛,A,剣客,法術剣,御剣燎原,5,24,11,10,,法術,火,100,,,,,
111104060,前衛,A,剣客,法術剣,御剣燎原,6,27,13,10,,法術,火,100,,,,,
111104070,前衛,A,剣客,法術剣,御剣燎原,7,30,15,10,,法術,火,100,,,,,
111104080,前衛,A,剣客,法術剣,御剣燎原,8,33,17,10,,法術,火,100,,,,,
111104090,前衛,A,剣客,法術剣,御剣燎原,9,36,19,10,,法術,火,100,,,,,
111104100,前衛,A,剣客,法術剣,御剣燎原,10,39,21,10,,法術,火,100,,,,,
111104110,前衛,A,剣客,法術剣,御剣燎原,11,52,23,10,,法術,火,100,,,,,
111104120,前衛,A,剣客,法術剣,御剣燎原,12,56,26,10,,法術,火,100,,,,,
111104130,前衛,A,剣客,法術剣,御剣燎原,13,60,30,10,,法術,火,100,,,,,
111104140,前衛,A,剣客,法術剣,御剣燎原,14,64,35,10,,法術,火,100,,,,,
111104151,前衛,A,剣客,法術剣,御剣燎原,15,68,40,10,6000,法術,火,100,,,,,TRUE
111104160,前衛,A,剣客,法術剣,御剣燎原,16,72,46,10,,法術,火,,,,,,
111105010,前衛,A,剣客,法術剣,開門見山,1,12,3,10,,法術,土,100,,,,,
111105020,前衛,A,剣客,法術剣,開門見山,2,15,5,10,,法術,土,100,,,,,
111105030,前衛,A,剣客,法術剣,開門見山,3,18,7,10,,法術,土,100,,,,,
111105040,前衛,A,剣客,法術剣,開門見山,4,21,9,10,,法術,土,100,,,,,
111105050,前衛,A,剣客,法術剣,開門見山,5,24,11,10,,法術,土,100,,,,,
111105060,前衛,A,剣客,法術剣,開門見山,6,27,13,10,,法術,土,100,,,,,
111105070,前衛,A,剣客,法術剣,開門見山,7,30,15,10,,法術,土,100,,,,,
111105080,前衛,A,剣客,法術剣,開門見山,8,33,17,10,,法術,土,100,,,,,
111105090,前衛,A,剣客,法術剣,開門見山,9,36,19,10,,法術,土,100,,,,,
111105100,前衛,A,剣客,法術剣,開門見山,10,39,21,10,,法術,土,100,,,,,
111105110,前衛,A,剣客,法術剣,開門見山,11,52,23,10,,法術,土,100,,,,,
111105120,前衛,A,剣客,法術剣,開門見山,12,56,26,10,,法術,土,100,,,,,
111105130,前衛,A,剣客,法術剣,開門見山,13,60,30,10,,法術,土,100,,,,,
111105140,前衛,A,剣客,法術剣,開門見山,14,64,35,10,,法術,土,100,,,,,
111105151,前衛,A,剣客,法術剣,開門見山,15,68,40,10,6000,法術,土,100,,,,,TRUE
111105160,前衛,A,剣客,法術剣,開門見山,16,72,46,10,,法術,土,,,,,,
111106010,前衛,A,剣客,法術剣,風巻残雲,1,22,16,30,,法術,木,100,,,,,
111106020,前衛,A,剣客,法術剣,風巻残雲,2,25,19,30,,法術,木,100,,,,,
111106030,前衛,A,剣客,法術剣,風巻残雲,3,28,23,30,,法術,木,100,,,,,
111106040,前衛,A,剣客,法術剣,風巻残雲,4,31,27,30,,法術,木,100,,,,,
111106050,前衛,A,剣客,法術剣,風巻残雲,5,34,31,30,,法術,木,100,,,,,
111106060,前衛,A,剣客,法術剣,風巻残雲,6,37,36,30,,法術,木,100,,,,,
111106070,前衛,A,剣客,法術剣,風巻残雲,7,40,41,30,,法術,木,100,,,,,
111106080,前衛,A,剣客,法術剣,風巻残雲,8,43,46,30,,法術,木,100,,,,,
111106090,前衛,A,剣客,法術剣,風巻残雲,9,46,51,30,,法術,木,100,,,,,
111106101,前衛,A,剣客,法術剣,風巻残雲,10,49,56,30,5500,法術,木,100,,,,,TRUE
111107010,前衛,A,剣客,法術剣,怒涛轟波,1,23,16,30,,法術,水,100,,,,,
111107020,前衛,A,剣客,法術剣,怒涛轟波,2,26,19,30,,法術,水,100,,,,,
111107030,前衛,A,剣客,法術剣,怒涛轟波,3,29,23,30,,法術,水,100,,,,,
111107040,前衛,A,剣客,法術剣,怒涛轟波,4,32,27,30,,法術,水,100,,,,,
111107050,前衛,A,剣客,法術剣,怒涛轟波,5,35,31,30,,法術,水,100,,,,,
111107060,前衛,A,剣客,法術剣,怒涛轟波,6,38,36,30,,法術,水,100,,,,,
111107070,前衛,A,剣客,法術剣,怒涛轟波,7,41,41,30,,法術,水,100,,,,,
111107080,前衛,A,剣客,法術剣,怒涛轟波,8,44,46,30,,法術,水,100,,,,,
111107090,前衛,A,剣客,法術剣,怒涛轟波,9,47,51,30,,法術,水,100,,,,,
111107100,前衛,A,剣客,法術剣,怒涛轟波,10,,,,,法術,水,,,,,,
111107101,前衛,A,剣客,法術剣,怒涛轟波,10,50,56,30,5940,法術,水,100,,,,,TRUE
111108010,前衛,A,剣客,法術剣,金雷烈迅,1,23,16,30,,法術,金,100,,,,,
111108020,前衛,A,剣客,法術剣,金雷烈迅,2,26,19,30,,法術,金,100,,,,,
111108030,前衛,A,剣客,法術剣,金雷烈迅,3,29,23,30,,法術,金,100,,,,,
111108040,前衛,A,剣客,法術剣,金雷烈迅,4,32,27,30,,法術,金,100,,,,,
111108050,前衛,A,剣客,法術剣,金雷烈迅,5,35,31,30,,法術,金,100,,,,,
111108060,前衛,A,剣客,法術剣,金雷烈迅,6,38,36,30,,法術,金,100,,,,,
111108070,前衛,A,剣客,法術剣,金雷烈迅,7,41,41,30,,法術,金,100,,,,,
111108080,前衛,A,剣客,法術剣,金雷烈迅,8,44,46,30,,法術,金,100,,,,,
111108090,前衛,A,剣客,法術剣,金雷烈迅,9,47,51,30,,法術,金,100,,,,,
111108100,前衛,A,剣客,法術剣,金雷烈迅,10,,,,,法術,金,,,,,,
111108101,前衛,A,剣客,法術剣,金雷烈迅,10,50,56,30,5750,法術,金,100,,,,,TRUE
111109010,前衛,A,剣客,法術剣,神焔九転,1,24,16,30,,法術,火,100,,,,,
111109020,前衛,A,剣客,法術剣,神焔九転,2,27,19,30,,法術,火,100,,,,,
111109030,前衛,A,剣客,法術剣,神焔九転,3,30,23,30,,法術,火,100,,,,,
111109040,前衛,A,剣客,法術剣,神焔九転,4,33,27,30,,法術,火,100,,,,,
111109050,前衛,A,剣客,法術剣,神焔九転,5,36,31,30,,法術,火,100,,,,,
111109060,前衛,A,剣客,法術剣,神焔九転,6,39,36,30,,法術,火,100,,,,,
111109070,前衛,A,剣客,法術剣,神焔九転,7,42,41,30,,法術,火,100,,,,,
111109080,前衛,A,剣客,法術剣,神焔九転,8,45,46,30,,法術,火,100,,,,,
111109090,前衛,A,剣客,法術剣,神焔九転,9,48,51,30,,法術,火,100,,,,,
111109101,前衛,A,剣客,法術剣,神焔九転,10,51,56,30,6125,法術,火,100,,,,,TRUE
111110010,前衛,A,剣客,法術剣,山崩地裂,1,24,16,30,,法術,土,100,,,,,
111110020,前衛,A,剣客,法術剣,山崩地裂,2,27,19,30,,法術,土,100,,,,,
111110030,前衛,A,剣客,法術剣,山崩地裂,3,30,23,30,,法術,土,100,,,,,
111110040,前衛,A,剣客,法術剣,山崩地裂,4,33,27,30,,法術,土,100,,,,,
111110050,前衛,A,剣客,法術剣,山崩地裂,5,36,31,30,,法術,土,100,,,,,
111110060,前衛,A,剣客,法術剣,山崩地裂,6,39,36,30,,法術,土,100,,,,,
111110070,前衛,A,剣客,法術剣,山崩地裂,7,42,41,30,,法術,土,100,,,,,
111110080,前衛,A,剣客,法術剣,山崩地裂,8,45,46,30,,法術,土,100,,,,,
111110090,前衛,A,剣客,法術剣,山崩地裂,9,48,51,30,,法術,土,100,,,,,
111110101,前衛,A,剣客,法術剣,山崩地裂,10,51,56,30,6125,法術,土,100,,,,,TRUE
111201010,前衛,A,剣客,五輪塔,剣気爆,1,24,11,20,,,,100,,,,,
111201020,前衛,A,剣客,五輪塔,剣気爆,2,28,14,20,,,,100,,,,,
111201030,前衛,A,剣客,五輪塔,剣気爆,3,32,18,20,,,,100,,,,,
111201040,前衛,A,剣客,五輪塔,剣気爆,4,36,21,20,,,,100,,,,,
111201050,前衛,A,剣客,五輪塔,剣気爆,5,40,24,20,,,,100,,,,,
111201060,前衛,A,剣客,五輪塔,剣気爆,6,44,27,20,,,,100,,,,,
111201070,前衛,A,剣客,五輪塔,剣気爆,7,48,30,20,,,,100,,,,,
111201080,前衛,A,剣客,五輪塔,剣気爆,8,52,33,20,,,,100,,,,,
111201090,前衛,A,剣客,五輪塔,剣気爆,9,56,36,20,,,,100,,,,,
111201100,前衛,A,剣客,五輪塔,剣気爆,10,60,39,20,,,,100,,,,,
111201111,前衛,A,剣客,五輪塔,剣気爆,11,65,47,20,7636,,,100,,,,,TRUE
111201121,前衛,A,剣客,五輪塔,剣気爆,12,70,55,20,8847,,,100,,,,,TRUE
111201130,前衛,A,剣客,五輪塔,剣気爆,13,75,65,20,,,,,,,,,
111202010,前衛,A,剣客,五輪塔,強刃断,1,25,11,20,,,,100,,,,,
111202020,前衛,A,剣客,五輪塔,強刃断,2,29,14,20,,,,100,,,,,
111202030,前衛,A,剣客,五輪塔,強刃断,3,33,18,20,,,,100,,,,,
111202040,前衛,A,剣客,五輪塔,強刃断,4,37,21,20,,,,100,,,,,
111202050,前衛,A,剣客,五輪塔,強刃断,5,41,24,20,,,,100,,,,,
111202060,前衛,A,剣客,五輪塔,強刃断,6,45,27,20,,,,100,,,,,
111202070,前衛,A,剣客,五輪塔,強刃断,7,49,30,20,,,,100,,,,,
111202080,前衛,A,剣客,五輪塔,強刃断,8,53,33,20,,,,100,,,,,
111202090,前衛,A,剣客,五輪塔,強刃断,9,57,36,20,,,,100,,,,,
111202100,前衛,A,剣客,五輪塔,強刃断,10,61,39,20,,,,100,,,,,
111202111,前衛,A,剣客,五輪塔,強刃断,11,66,47,20,7049,,,100,,,,,TRUE
111202120,前衛,A,剣客,五輪塔,強刃断,12,71,55,20,,,,,,,,,
112101010,前衛,A,刀客,獣技,虎斬,1,10,5,20,,,,100,,,,,
112101020,前衛,A,刀客,獣技,虎斬,2,14,6,20,,,,100,,,,,
112101030,前衛,A,刀客,獣技,虎斬,3,18,8,20,,,,100,,,,,
112101040,前衛,A,刀客,獣技,虎斬,4,22,10,20,,,,100,,,,,
112101050,前衛,A,刀客,獣技,虎斬,5,26,12,20,,,,100,,,,,
112101060,前衛,A,刀客,獣技,虎斬,6,30,15,20,,,,100,,,,,
112101070,前衛,A,刀客,獣技,虎斬,7,34,18,20,,,,100,,,,,
112101080,前衛,A,刀客,獣技,虎斬,8,38,22,20,,,,100,,,,,
112101090,前衛,A,刀客,獣技,虎斬,9,42,27,20,,,,100,,,,,
112101100,前衛,A,刀客,獣技,虎斬,10,46,33,20,,,,100,,,,,
112101110,前衛,A,刀客,獣技,虎斬,11,50,40,20,,,,100,,,,,
112101120,前衛,A,刀客,獣技,虎斬,12,54,47,20,,,,100,,,,,
112101130,前衛,A,刀客,獣技,虎斬,13,58,55,20,,,,100,,,,,
112101140,前衛,A,刀客,獣技,虎斬,14,62,63,20,,,,100,,,,,
112101151,前衛,A,刀客,獣技,虎斬,15,66,72,20,9000,,,100,,,,,TRUE
112101161,前衛,A,刀客,獣技,虎斬,16,70,82,20,10250,,,100,,,,,TRUE
112101170,前衛,A,刀客,獣技,虎斬,17,74,93,20,,,,,,,,,
112102010,前衛,A,刀客,獣技,戌吠,1,11,5,20,,,,100,,,,,
112102020,前衛,A,刀客,獣技,戌吠,2,15,7,20,,,,100,,,,,
112102030,前衛,A,刀客,獣技,戌吠,3,19,9,20,,,,100,,,,,
112102040,前衛,A,刀客,獣技,戌吠,4,23,11,20,,,,100,,,,,
112102050,前衛,A,刀客,獣技,戌吠,5,27,13,20,,,,100,,,,,
112102060,前衛,A,刀客,獣技,戌吠,6,31,16,20,,,,100,,,,,
112102070,前衛,A,刀客,獣技,戌吠,7,35,20,20,,,,100,,,,,
112102080,前衛,A,刀客,獣技,戌吠,8,39,24,20,,,,100,,,,,
112102090,前衛,A,刀客,獣技,戌吠,9,43,29,20,,,,100,,,,,
112102100,前衛,A,刀客,獣技,戌吠,10,47,35,20,,,,100,,,,,
112102110,前衛,A,刀客,獣技,戌吠,11,51,42,20,,,,100,,,,,
112102120,前衛,A,刀客,獣技,戌吠,12,55,49,20,,,,100,,,,,
112102130,前衛,A,刀客,獣技,戌吠,13,59,57,20,,,,100,,,,,
112102140,前衛,A,刀客,獣技,戌吠,14,63,66,20,,,,100,,,,,
112102151,前衛,A,刀客,獣技,戌吠,15,67,75,20,9375,,,100,,,,,TRUE
112102160,前衛,A,刀客,獣技,戌吠,16,71,85,20,,,,,,,,,
112103010,前衛,A,刀客,獣技,牛猛,1,11,8,40,,物理,,100,60,,,,
112103020,前衛,A,刀客,獣技,牛猛,2,15,10,40,,物理,,100,150,,,,
112103030,前衛,A,刀客,獣技,牛猛,3,19,13,40,,物理,,100,216,,,,
112103040,前衛,A,刀客,獣技,牛猛,4,23,16,40,,物理,,100,440,,,,
112103050,前衛,A,刀客,獣技,牛猛,5,27,20,40,,物理,,100,540,,,,
112103060,前衛,A,刀客,獣技,牛猛,6,31,24,40,,物理,,100,925,,,,
112103070,前衛,A,刀客,獣技,牛猛,7,35,29,40,,物理,,100,1410,,,,
112103080,前衛,A,刀客,獣技,牛猛,8,39,35,40,,物理,,100,1662,,,,
112103090,前衛,A,刀客,獣技,牛猛,9,43,42,40,,物理,,100,2722,,,,
112103100,前衛,A,刀客,獣技,牛猛,10,47,49,40,,物理,,100,2744,,,,
112103110,前衛,A,刀客,獣技,牛猛,11,51,57,40,,物理,,100,3648,,,,
112103120,前衛,A,刀客,獣技,牛猛,12,55,67,40,,物理,,100,4824,,,,
112103130,前衛,A,刀客,獣技,牛猛,13,59,78,40,,物理,,100,5616,,,,
112103140,前衛,A,刀客,獣技,牛猛,14,63,90,40,,物理,,100,7200,,,,
112103151,前衛,A,刀客,獣技,牛猛,15,67,103,40,12875,物理,,100,8240,,,,TRUE
112103160,前衛,A,刀客,獣技,牛猛,16,71,117,40,,物理,,,10296,,,,
112104010,前衛,A,刀客,獣技,蛇影,1,13,6,20,,,,100,,,,,
112104020,前衛,A,刀客,獣技,蛇影,2,16,7,20,,,,100,,,,,
112104030,前衛,A,刀客,獣技,蛇影,3,20,9,20,,,,100,,,,,
112104040,前衛,A,刀客,獣技,蛇影,4,24,11,20,,,,100,,,,,
112104050,前衛,A,刀客,獣技,蛇影,5,28,14,20,,,,100,,,,,
112104060,前衛,A,刀客,獣技,蛇影,6,32,17,20,,,,100,,,,,
112104070,前衛,A,刀客,獣技,蛇影,7,36,21,20,,,,100,,,,,
112104080,前衛,A,刀客,獣技,蛇影,8,40,25,20,,,,100,,,,,
112104090,前衛,A,刀客,獣技,蛇影,9,44,30,20,,,,100,,,,,
112104100,前衛,A,刀客,獣技,蛇影,10,48,36,20,,,,100,,,,,
112104110,前衛,A,刀客,獣技,蛇影,11,52,43,20,,,,100,,,,,
112104120,前衛,A,刀客,獣技,蛇影,12,56,51,20,,,,100,,,,,
112104130,前衛,A,刀客,獣技,蛇影,13,60,59,20,,,,100,,,,,
112104140,前衛,A,刀客,獣技,蛇影,14,64,68,20,,,,100,,,,,
112104151,前衛,A,刀客,獣技,蛇影,15,68,77,20,9625,,,100,,,,,TRUE
112104160,前衛,A,刀客,獣技,蛇影,16,72,87,20,,,,,,,,,
112105010,前衛,A,刀客,獣技,鷹翔,1,14,6,20,,,,100,,,,,
112105020,前衛,A,刀客,獣技,鷹翔,2,17,8,20,,,,100,,,,,
112105030,前衛,A,刀客,獣技,鷹翔,3,21,10,20,,,,100,,,,,
112105040,前衛,A,刀客,獣技,鷹翔,4,25,12,20,,,,100,,,,,
112105050,前衛,A,刀客,獣技,鷹翔,5,29,15,20,,,,100,,,,,
112105060,前衛,A,刀客,獣技,鷹翔,6,33,18,20,,,,100,,,,,
112105070,前衛,A,刀客,獣技,鷹翔,7,37,22,20,,,,100,,,,,
112105080,前衛,A,刀客,獣技,鷹翔,8,41,26,20,,,,100,,,,,
112105090,前衛,A,刀客,獣技,鷹翔,9,45,32,20,,,,100,,,,,
112105100,前衛,A,刀客,獣技,鷹翔,10,49,39,20,,,,100,,,,,
112105110,前衛,A,刀客,獣技,鷹翔,11,53,46,20,,,,100,,,,,
112105120,前衛,A,刀客,獣技,鷹翔,12,57,53,20,,,,100,,,,,
112105130,前衛,A,刀客,獣技,鷹翔,13,61,61,20,,,,100,,,,,
112105141,前衛,A,刀客,獣技,鷹翔,14,65,70,20,8750,,,100,,,,,TRUE
112105151,前衛,A,刀客,獣技,鷹翔,15,69,79,20,9825,,,100,,,,,TRUE
112105160,前衛,A,刀客,獣技,鷹翔,16,73,90,20,,,,,,,,,
112106010,前衛,A,刀客,獣技,獅吼,1,30,16,30,,,,100,,,,,
112106020,前衛,A,刀客,獣技,獅吼,2,34,19,30,,,,100,,,,,
112106030,前衛,A,刀客,獣技,獅吼,3,38,23,30,,,,100,,,,,
112106040,前衛,A,刀客,獣技,獅吼,4,42,28,30,,,,100,,,,,
112106050,前衛,A,刀客,獣技,獅吼,5,46,34,30,,,,100,,,,,
112106060,前衛,A,刀客,獣技,獅吼,6,50,40,30,,,,100,,,,,
112106070,前衛,A,刀客,獣技,獅吼,7,54,47,30,,,,100,,,,,
112106080,前衛,A,刀客,獣技,獅吼,8,58,55,30,,,,100,,,,,
112106090,前衛,A,刀客,獣技,獅吼,9,62,63,30,,,,100,,,,,
112106101,前衛,A,刀客,獣技,獅吼,10,66,72,30,9000,,,100,,,,,TRUE
112106111,前衛,A,刀客,獣技,獅吼,11,70,82,30,10250,,,100,,,,,TRUE
112106120,前衛,A,刀客,獣技,獅吼,12,74,93,30,,,,,,,,,
112107010,前衛,A,刀客,獣技,狼牙,1,31,16,30,,,,100,,,,,
112107020,前衛,A,刀客,獣技,狼牙,2,35,20,30,,,,100,,,,,
112107030,前衛,A,刀客,獣技,狼牙,3,39,24,30,,,,100,,,,,
112107040,前衛,A,刀客,獣技,狼牙,4,43,29,30,,,,100,,,,,
112107050,前衛,A,刀客,獣技,狼牙,5,47,35,30,,,,100,,,,,
112107060,前衛,A,刀客,獣技,狼牙,6,51,42,30,,,,100,,,,,
112107070,前衛,A,刀客,獣技,狼牙,7,55,49,30,,,,100,,,,,
112107080,前衛,A,刀客,獣技,狼牙,8,59,57,30,,,,100,,,,,
112107090,前衛,A,刀客,獣技,狼牙,9,63,66,30,,,,100,,,,,
112107101,前衛,A,刀客,獣技,狼牙,10,67,75,30,9375,,,100,,,,,TRUE
112107110,前衛,A,刀客,獣技,狼牙,11,71,85,30,,,,,,,,,
112108010,前衛,A,刀客,獣技,熊崩,1,31,24,40,,,,100,,,,,
112108020,前衛,A,刀客,獣技,熊崩,2,35,30,40,,,,100,,,,,
112108030,前衛,A,刀客,獣技,熊崩,3,39,37,40,,,,100,,,,,
112108040,前衛,A,刀客,獣技,熊崩,4,43,45,40,,,,100,,,,,
112108050,前衛,A,刀客,獣技,熊崩,5,47,55,40,,,,100,,,,,
112108060,前衛,A,刀客,獣技,熊崩,6,51,66,40,,,,100,,,,,
112108070,前衛,A,刀客,獣技,熊崩,7,55,79,40,,,,100,,,,,
112108080,前衛,A,刀客,獣技,熊崩,8,59,94,40,,,,100,,,,,
112108090,前衛,A,刀客,獣技,熊崩,9,63,109,40,,,,100,,,,,
112108101,前衛,A,刀客,獣技,熊崩,10,67,128,40,20800,,,100,,,,,TRUE
112108110,前衛,A,刀客,獣技,熊崩,11,71,141,40,,,,,,,,,
112109010,前衛,A,刀客,獣技,龍吟,1,32,17,30,,,,100,,,,,
112109020,前衛,A,刀客,獣技,龍吟,2,36,21,30,,,,100,,,,,
112109030,前衛,A,刀客,獣技,龍吟,3,40,25,30,,,,100,,,,,
112109040,前衛,A,刀客,獣技,龍吟,4,44,30,30,,,,100,,,,,
112109050,前衛,A,刀客,獣技,龍吟,5,48,36,30,,,,100,,,,,
112109060,前衛,A,刀客,獣技,龍吟,6,52,43,30,,,,100,,,,,
112109070,前衛,A,刀客,獣技,龍吟,7,56,51,30,,,,100,,,,,
112109080,前衛,A,刀客,獣技,龍吟,8,60,59,30,,,,100,,,,,
112109090,前衛,A,刀客,獣技,龍吟,9,64,68,30,,,,100,,,,,
112109101,前衛,A,刀客,獣技,龍吟,10,68,77,30,9625,,,100,,,,,TRUE
112109110,前衛,A,刀客,獣技,龍吟,11,72,87,30,,,,,,,,,
112110010,前衛,A,刀客,獣技,鳳歌,1,33,18,30,,,,100,,,,,
112110020,前衛,A,刀客,獣技,鳳歌,2,37,22,30,,,,100,,,,,
112110030,前衛,A,刀客,獣技,鳳歌,3,41,26,30,,,,100,,,,,
112110040,前衛,A,刀客,獣技,鳳歌,4,45,32,30,,,,100,,,,,
112110050,前衛,A,刀客,獣技,鳳歌,5,49,39,30,,,,100,,,,,
112110060,前衛,A,刀客,獣技,鳳歌,6,53,46,30,,,,100,,,,,
112110070,前衛,A,刀客,獣技,鳳歌,7,57,53,30,,,,100,,,,,
112110080,前衛,A,刀客,獣技,鳳歌,8,61,61,30,,,,100,,,,,
112110091,前衛,A,刀客,獣技,鳳歌,9,65,70,30,8750,,,100,,,,,TRUE
112110101,前衛,A,刀客,獣技,鳳歌,10,69,79,30,9825,,,100,,,,,TRUE
112110110,前衛,A,刀客,獣技,鳳歌,11,73,90,30,,,,,,,,,
112201011,前衛,A,刀客,七傷,渾身破武,1,15,6,50,0,,,700,,,,,TRUE
112201021,前衛,A,刀客,七傷,渾身破武,2,19,8,52,0,,,800,,,,,TRUE
112201031,前衛,A,刀客,七傷,渾身破武,3,23,10,54,0,,,900,,,,,TRUE
112201041,前衛,A,刀客,七傷,渾身破武,4,27,12,56,0,,,1000,,,,,TRUE
112201051,前衛,A,刀客,七傷,渾身破武,5,31,14,58,0,,,1100,,,,,TRUE
112201061,前衛,A,刀客,七傷,渾身破武,6,35,16,60,0,,,1200,,,,,TRUE
112201071,前衛,A,刀客,七傷,渾身破武,7,39,18,62,0,,,1300,,,,,TRUE
112201081,前衛,A,刀客,七傷,渾身破武,8,43,20,64,0,,,1400,,,,,TRUE
112201091,前衛,A,刀客,七傷,渾身破武,9,47,22,66,0,,,1500,,,,,TRUE
112201100,前衛,A,刀客,七傷,渾身破武,10,,,,,,,,,,,,
112201101,前衛,A,刀客,七傷,渾身破武,10,51,24,68,0,,,1600,,,,,TRUE
112202010,前衛,A,刀客,七傷,狂襲,1,16,3,60,,,,100,,,,,
112202020,前衛,A,刀客,七傷,狂襲,2,20,4,60,,,,100,,,,,
112202030,前衛,A,刀客,七傷,狂襲,3,24,6,60,,,,100,,,,,
112202040,前衛,A,刀客,七傷,狂襲,4,28,8,60,,,,100,,,,,
112202050,前衛,A,刀客,七傷,狂襲,5,32,10,60,,,,100,,,,,
112202060,前衛,A,刀客,七傷,狂襲,6,36,12,60,,,,100,,,,,
112202070,前衛,A,刀客,七傷,狂襲,7,40,15,60,,,,100,,,,,
112202080,前衛,A,刀客,七傷,狂襲,8,44,18,60,,,,100,,,,,
112202090,前衛,A,刀客,七傷,狂襲,9,48,20,60,,,,100,,,,,
112202100,前衛,A,刀客,七傷,狂襲,10,52,24,60,,,,100,,,,,
112202110,前衛,A,刀客,七傷,狂襲,11,56,29,60,,,,100,,,,,
112202120,前衛,A,刀客,七傷,狂襲,12,60,34,60,,,,100,,,,,
112202130,前衛,A,刀客,七傷,狂襲,13,64,39,60,,,,100,,,,,
112202141,前衛,A,刀客,七傷,狂襲,14,68,44,60,16499,,,100,,,,,TRUE
112202150,前衛,A,刀客,七傷,狂襲,15,72,50,60,,,,,,,,,
112203011,前衛,A,刀客,七傷,破武無双,1,33,16,100,0,,,600,,,,,TRUE
112203021,前衛,A,刀客,七傷,破武無双,2,37,18,105,0,,,650,,,,,TRUE
112203031,前衛,A,刀客,七傷,破武無双,3,41,20,110,0,,,700,,,,,TRUE
112203041,前衛,A,刀客,七傷,破武無双,4,45,22,115,0,,,750,,,,,TRUE
112203051,前衛,A,刀客,七傷,破武無双,5,49,24,120,0,,,800,,,,,TRUE
112203061,前衛,A,刀客,七傷,破武無双,6,53,26,125,0,,,850,,,,,TRUE
112203071,前衛,A,刀客,七傷,破武無双,7,57,28,130,0,,,900,,,,,TRUE
112203081,前衛,A,刀客,七傷,破武無双,8,61,30,135,0,,,950,,,,,TRUE
112203091,前衛,A,刀客,七傷,破武無双,9,65,32,140,0,,,1000,,,,,TRUE
112203100,前衛,A,刀客,七傷,破武無双,10,,,,,,,,,,,,
112203101,前衛,A,刀客,七傷,破武無双,10,69,34,145,0,,,1050,,,,,TRUE
112204010,前衛,A,刀客,七傷,狂殺,1,34,15,70,,,,100,,,,,
112204020,前衛,A,刀客,七傷,狂殺,2,38,19,70,,,,100,,,,,
112204030,前衛,A,刀客,七傷,狂殺,3,42,23,70,,,,100,,,,,
112204040,前衛,A,刀客,七傷,狂殺,4,46,27,70,,,,100,,,,,
112204050,前衛,A,刀客,七傷,狂殺,5,50,34,70,,,,100,,,,,
112204060,前衛,A,刀客,七傷,狂殺,6,54,38,70,,,,100,,,,,
112204070,前衛,A,刀客,七傷,狂殺,7,58,44,70,,,,100,,,,,
112204080,前衛,A,刀客,七傷,狂殺,8,62,51,70,,,,100,,,,,
112204091,前衛,A,刀客,七傷,狂殺,9,66,59,70,17374,,,100,,,,,TRUE
112204101,前衛,A,刀客,七傷,狂殺,10,70,68,70,19499,,,100,,,,,TRUE
112204110,前衛,A,刀客,七傷,狂殺,11,74,79,70,,,,,,,,,
113101010,前衛,A,傭兵,斧技,閃一文字,1,10,5,15,,,,100,,,,,
113101020,前衛,A,傭兵,斧技,閃一文字,2,13,8,15,,,,100,,,,,
113101030,前衛,A,傭兵,斧技,閃一文字,3,17,11,15,,,,100,,,,,
113101040,前衛,A,傭兵,斧技,閃一文字,4,21,14,15,,,,100,,,,,
113101050,前衛,A,傭兵,斧技,閃一文字,5,25,17,15,,,,100,,,,,
113101060,前衛,A,傭兵,斧技,閃一文字,6,29,20,15,,,,100,,,,,
113101070,前衛,A,傭兵,斧技,閃一文字,7,33,23,15,,,,100,,,,,
113101080,前衛,A,傭兵,斧技,閃一文字,8,37,26,15,,,,100,,,,,
113101090,前衛,A,傭兵,斧技,閃一文字,9,41,29,15,,,,100,,,,,
113101100,前衛,A,傭兵,斧技,閃一文字,10,45,33,15,,,,100,,,,,
113101110,前衛,A,傭兵,斧技,閃一文字,11,49,39,15,,,,100,,,,,
113101120,前衛,A,傭兵,斧技,閃一文字,12,53,46,15,,,,100,,,,,
113101130,前衛,A,傭兵,斧技,閃一文字,13,57,54,15,,,,100,,,,,
113101140,前衛,A,傭兵,斧技,閃一文字,14,61,62,15,,,,100,,,,,
113101151,前衛,A,傭兵,斧技,閃一文字,15,65,71,15,10543,,,100,,,,,TRUE
113101161,前衛,A,傭兵,斧技,閃一文字,16,69,81,15,12150,,,100,,,,,TRUE
113101170,前衛,A,傭兵,斧技,閃一文字,17,73,92,15,,,,,,,,,
113102010,前衛,A,傭兵,斧技,剛斬,1,12,4,20,,,,100,,,,,
113102020,前衛,A,傭兵,斧技,剛斬,2,16,7,20,,,,100,,,,,
113102030,前衛,A,傭兵,斧技,剛斬,3,20,10,20,,,,100,,,,,
113102040,前衛,A,傭兵,斧技,剛斬,4,24,13,20,,,,100,,,,,
113102050,前衛,A,傭兵,斧技,剛斬,5,28,16,20,,,,100,,,,,
113102060,前衛,A,傭兵,斧技,剛斬,6,32,19,20,,,,100,,,,,
113102070,前衛,A,傭兵,斧技,剛斬,7,36,22,20,,,,100,,,,,
113102080,前衛,A,傭兵,斧技,剛斬,8,40,25,20,,,,100,,,,,
113102090,前衛,A,傭兵,斧技,剛斬,9,44,28,20,,,,100,,,,,
113102100,前衛,A,傭兵,斧技,剛斬,10,48,31,20,,,,100,,,,,
113102110,前衛,A,傭兵,斧技,剛斬,11,52,39,20,,,,100,,,,,
113102120,前衛,A,傭兵,斧技,剛斬,12,56,47,20,,,,100,,,,,
113102130,前衛,A,傭兵,斧技,剛斬,13,60,56,20,,,,100,,,,,
113102140,前衛,A,傭兵,斧技,剛斬,14,64,65,20,,,,100,,,,,
113102151,前衛,A,傭兵,斧技,剛斬,15,68,74,20,16280,,,100,,,,,TRUE
113102160,前衛,A,傭兵,斧技,剛斬,16,72,84,20,,,,,,,,,
113103010,前衛,A,傭兵,斧技,斬十文字,1,25,9,25,,,,0,,,,,
113103020,前衛,A,傭兵,斧技,斬十文字,2,29,14,25,,,,0,,,,,
113103030,前衛,A,傭兵,斧技,斬十文字,3,33,19,25,,,,0,,,,,
113103040,前衛,A,傭兵,斧技,斬十文字,4,37,24,25,,,,0,,,,,
113103050,前衛,A,傭兵,斧技,斬十文字,5,41,29,25,,,,0,,,,,
113103060,前衛,A,傭兵,斧技,斬十文字,6,45,33,25,,,,0,,,,,
113103070,前衛,A,傭兵,斧技,斬十文字,7,49,37,25,,,,0,,,,,
113103080,前衛,A,傭兵,斧技,斬十文字,8,53,41,25,,,,0,,,,,
113103090,前衛,A,傭兵,斧技,斬十文字,9,57,45,25,,,,0,,,,,
113103101,前衛,A,傭兵,斧技,斬十文字,10,61,50,25,7249,,,0,,,,,TRUE
113104010,前衛,A,傭兵,斧技,一八,1,28,0,30,,,,100,,,,,
113104020,前衛,A,傭兵,斧技,一八,2,32,0,30,,,,100,,,,,
113104030,前衛,A,傭兵,斧技,一八,3,36,0,30,,,,100,,,,,
113104040,前衛,A,傭兵,斧技,一八,4,40,0,30,,,,100,,,,,
113104050,前衛,A,傭兵,斧技,一八,5,44,0,30,,,,100,,,,,
113104060,前衛,A,傭兵,斧技,一八,6,48,0,30,,,,100,,,,,
113104070,前衛,A,傭兵,斧技,一八,7,52,0,30,,,,100,,,,,
113104080,前衛,A,傭兵,斧技,一八,8,56,0,30,,,,100,,,,,
113104090,前衛,A,傭兵,斧技,一八,9,60,0,30,,,,100,,,,,
113104101,前衛,A,傭兵,斧技,一八,10,64,0,30,9625,,,100,,,,,TRUE
113104111,前衛,A,傭兵,斧技,一八,11,69,0,30,10937,,,100,,,,,TRUE
113104120,前衛,A,傭兵,斧技,一八,12,74,0,30,,,,,,,,,
113201010,前衛,A,傭兵,槍矛技,瞬衝,1,10,4,15,,,,100,,,,,
113201020,前衛,A,傭兵,槍矛技,瞬衝,2,15,7,15,,,,100,,,,,
113201030,前衛,A,傭兵,槍矛技,瞬衝,3,19,10,15,,,,100,,,,,
113201040,前衛,A,傭兵,槍矛技,瞬衝,4,23,13,15,,,,100,,,,,
113201050,前衛,A,傭兵,槍矛技,瞬衝,5,27,16,15,,,,100,,,,,
113201060,前衛,A,傭兵,槍矛技,瞬衝,6,31,19,15,,,,100,,,,,
113201070,前衛,A,傭兵,槍矛技,瞬衝,7,35,22,15,,,,100,,,,,
113201080,前衛,A,傭兵,槍矛技,瞬衝,8,39,25,15,,,,100,,,,,
113201090,前衛,A,傭兵,槍矛技,瞬衝,9,43,28,15,,,,100,,,,,
113201100,前衛,A,傭兵,槍矛技,瞬衝,10,47,31,15,,,,100,,,,,
113201110,前衛,A,傭兵,槍矛技,瞬衝,11,51,35,15,,,,100,,,,,
113201120,前衛,A,傭兵,槍矛技,瞬衝,12,55,40,15,,,,100,,,,,
113201130,前衛,A,傭兵,槍矛技,瞬衝,13,59,46,15,,,,100,,,,,
113201140,前衛,A,傭兵,槍矛技,瞬衝,14,63,53,15,,,,100,,,,,
113201151,前衛,A,傭兵,槍矛技,瞬衝,15,67,61,15,9150,,,100,,,,,TRUE
113201160,前衛,A,傭兵,槍矛技,瞬衝,16,71,70,15,,,,,,,,,
113202010,前衛,A,傭兵,槍矛技,大車輪,1,13,5,20,,,,0,,,,,
113202020,前衛,A,傭兵,槍矛技,大車輪,2,17,8,20,,,,0,,,,,
113202030,前衛,A,傭兵,槍矛技,大車輪,3,21,11,20,,,,0,,,,,
113202040,前衛,A,傭兵,槍矛技,大車輪,4,25,14,20,,,,0,,,,,
113202050,前衛,A,傭兵,槍矛技,大車輪,5,29,17,20,,,,0,,,,,
113202060,前衛,A,傭兵,槍矛技,大車輪,6,33,20,20,,,,0,,,,,
113202070,前衛,A,傭兵,槍矛技,大車輪,7,37,23,20,,,,0,,,,,
113202080,前衛,A,傭兵,槍矛技,大車輪,8,41,26,20,,,,0,,,,,
113202090,前衛,A,傭兵,槍矛技,大車輪,9,45,29,20,,,,0,,,,,
113202100,前衛,A,傭兵,槍矛技,大車輪,10,,,,,,,,,,,,
113202101,前衛,A,傭兵,槍矛技,大車輪,10,49,33,20,3299,,,0,,,,,TRUE
113203010,前衛,A,傭兵,槍矛技,刺天,1,27,20,45,,,,200,,,,,
113203020,前衛,A,傭兵,槍矛技,刺天,2,31,22,43,,,,200,,,,,
113203030,前衛,A,傭兵,槍矛技,刺天,3,35,24,41,,,,200,,,,,
113203040,前衛,A,傭兵,槍矛技,刺天,4,39,26,39,,,,200,,,,,
113203050,前衛,A,傭兵,槍矛技,刺天,5,43,28,37,,,,200,,,,,
113203060,前衛,A,傭兵,槍矛技,刺天,6,47,30,35,,,,200,,,,,
113203070,前衛,A,傭兵,槍矛技,刺天,7,51,32,33,,,,200,,,,,
113203080,前衛,A,傭兵,槍矛技,刺天,8,55,34,31,,,,200,,,,,
113203090,前衛,A,傭兵,槍矛技,刺天,9,59,36,29,,,,200,,,,,
113203100,前衛,A,傭兵,槍矛技,刺天,10,63,38,27,,,,200,,,,,
113203111,前衛,A,傭兵,槍矛技,刺天,11,68,46,25,10349,,,200,,,,,TRUE
113203120,前衛,A,傭兵,槍矛技,刺天,12,73,51,25,,,,,,,,,
113204010,前衛,A,傭兵,槍矛技,螺旋斬,1,29,28,20,,,,100,,,,,
113204020,前衛,A,傭兵,槍矛技,螺旋斬,2,33,36,20,,,,100,,,,,
113204030,前衛,A,傭兵,槍矛技,螺旋斬,3,37,44,20,,,,100,,,,,
113204040,前衛,A,傭兵,槍矛技,螺旋斬,4,41,52,20,,,,100,,,,,
113204050,前衛,A,傭兵,槍矛技,螺旋斬,5,45,60,20,,,,100,,,,,
113204060,前衛,A,傭兵,槍矛技,螺旋斬,6,49,68,20,,,,100,,,,,
113204070,前衛,A,傭兵,槍矛技,螺旋斬,7,53,76,20,,,,100,,,,,
113204080,前衛,A,傭兵,槍矛技,螺旋斬,8,57,84,20,,,,100,,,,,
113204090,前衛,A,傭兵,槍矛技,螺旋斬,9,61,92,20,,,,100,,,,,
113204101,前衛,A,傭兵,槍矛技,螺旋斬,10,65,100,20,12500,,,100,,,,,TRUE
113204111,前衛,A,傭兵,槍矛技,螺旋斬,11,70,116,20,14500,,,100,,,,,TRUE
113204120,前衛,A,傭兵,槍矛技,螺旋斬,12,75,137,20,,,,,,,,,
121101011,前衛,B,狩人,弩弓技,満弦,1,10,3,20,487,,,100,,,,,TRUE
121101021,前衛,B,狩人,弩弓技,満弦,2,14,4,20,650,,,100,,,,,TRUE
121101031,前衛,B,狩人,弩弓技,満弦,3,18,5,20,817,,,100,,,,,TRUE
121101041,前衛,B,狩人,弩弓技,満弦,4,22,7,20,1137,,,100,,,,,TRUE
121101051,前衛,B,狩人,弩弓技,満弦,5,26,9,20,1477,,,100,,,,,TRUE
121101061,前衛,B,狩人,弩弓技,満弦,6,30,11,20,1787,,,100,,,,,TRUE
121101071,前衛,B,狩人,弩弓技,満弦,7,34,13,20,2112,,,100,,,,,TRUE
121101081,前衛,B,狩人,弩弓技,満弦,8,38,17,20,2762,,,100,,,,,TRUE
121101091,前衛,B,狩人,弩弓技,満弦,9,42,20,20,3250,,,100,,,,,TRUE
121101101,前衛,B,狩人,弩弓技,満弦,10,46,25,20,4062,,,100,,,,,TRUE
121101111,前衛,B,狩人,弩弓技,満弦,11,50,30,20,4500,,,100,,,,,TRUE
121101121,前衛,B,狩人,弩弓技,満弦,12,54,35,20,5250,,,100,,,,,TRUE
121101131,前衛,B,狩人,弩弓技,満弦,13,58,41,20,6150,,,100,,,,,TRUE
121101141,前衛,B,狩人,弩弓技,満弦,14,62,47,20,7050,,,100,,,,,TRUE
121101151,前衛,B,狩人,弩弓技,満弦,15,66,54,20,8100,,,100,,,,,TRUE
121101161,前衛,B,狩人,弩弓技,満弦,16,70,62,20,9300,,,100,,,,,TRUE
121101170,前衛,B,狩人,弩弓技,満弦,17,74,70,20,,,,,,,,,
121102011,前衛,B,狩人,弩弓技,落烏,1,12,3,11,675,,,100,,,,,TRUE
121102021,前衛,B,狩人,弩弓技,落烏,2,16,4,13,1350,,,100,,,,,TRUE
121102031,前衛,B,狩人,弩弓技,落烏,3,20,5,15,1800,,,100,,,,,TRUE
121102041,前衛,B,狩人,弩弓技,落烏,4,24,7,17,2625,,,100,,,,,TRUE
121102051,前衛,B,狩人,弩弓技,落烏,5,28,9,19,3500,,,100,,,,,TRUE
121102061,前衛,B,狩人,弩弓技,落烏,6,32,11,21,4500,,,100,,,,,TRUE
121102071,前衛,B,狩人,弩弓技,落烏,7,36,13,23,5500,,,100,,,,,TRUE
121102081,前衛,B,狩人,弩弓技,落烏,8,40,17,25,7500,,,100,,,,,TRUE
121102091,前衛,B,狩人,弩弓技,落烏,9,44,20,27,9500,,,100,,,,,TRUE
121102101,前衛,B,狩人,弩弓技,落烏,10,48,25,29,11750,,,100,,,,,TRUE
121102111,前衛,B,狩人,弩弓技,落烏,11,52,31,31,14000,,,100,,,,,TRUE
121102121,前衛,B,狩人,弩弓技,落烏,12,56,37,33,16250,,,100,,,,,TRUE
121102131,前衛,B,狩人,弩弓技,落烏,13,60,43,35,18500,,,100,,,,,TRUE
121102141,前衛,B,狩人,弩弓技,落烏,14,64,49,37,20750,,,100,,,,,TRUE
121102151,前衛,B,狩人,弩弓技,落烏,15,68,56,39,23000,,,100,,,,,TRUE
121102160,前衛,B,狩人,弩弓技,落烏,16,72,64,41,,,,,,,,,
121103011,前衛,B,狩人,弩弓技,五月雨,1,13,4,30,299,,,0,,,,,TRUE
121103021,前衛,B,狩人,弩弓技,五月雨,2,17,6,30,449,,,0,,,,,TRUE
121103031,前衛,B,狩人,弩弓技,五月雨,3,21,8,30,599,,,0,,,,,TRUE
121103041,前衛,B,狩人,弩弓技,五月雨,4,25,10,30,749,,,0,,,,,TRUE
121103051,前衛,B,狩人,弩弓技,五月雨,5,29,12,30,899,,,0,,,,,TRUE
121103061,前衛,B,狩人,弩弓技,五月雨,6,33,14,30,1049,,,0,,,,,TRUE
121103071,前衛,B,狩人,弩弓技,五月雨,7,37,17,30,1249,,,0,,,,,TRUE
121103081,前衛,B,狩人,弩弓技,五月雨,8,41,21,30,1574,,,0,,,,,TRUE
121103091,前衛,B,狩人,弩弓技,五月雨,9,45,25,30,1874,,,0,,,,,TRUE
121103101,前衛,B,狩人,弩弓技,五月雨,10,49,30,30,2249,,,0,,,,,TRUE
121104011,前衛,B,狩人,弩弓技,霊法の矢,1,11,2,12,210,,,125,,,,,TRUE
121104021,前衛,B,狩人,弩弓技,霊法の矢,2,15,3,11,315,,,150,,,,,TRUE
121104031,前衛,B,狩人,弩弓技,霊法の矢,3,19,4,10,420,,,175,,,,,TRUE
121104041,前衛,B,狩人,弩弓技,霊法の矢,4,23,5,9,426,,,200,,,,,TRUE
121104051,前衛,B,狩人,弩弓技,霊法の矢,5,27,6,8,631,,,225,,,,,TRUE
121104061,前衛,B,狩人,弩弓技,霊法の矢,6,31,7,7,736,,,250,,,,,TRUE
121104071,前衛,B,狩人,弩弓技,霊法の矢,7,35,8,6,841,,,275,,,,,TRUE
121104081,前衛,B,狩人,弩弓技,霊法の矢,8,39,9,5,947,,,300,,,,,TRUE
121104091,前衛,B,狩人,弩弓技,霊法の矢,9,43,10,4,1052,,,325,,,,,TRUE
121104101,前衛,B,狩人,弩弓技,霊法の矢,10,47,11,3,1157,,,350,,,,,TRUE
121105011,前衛,B,狩人,弩弓技,暗殺箭,1,13,3,60,937,,,100,,,,,TRUE
121105021,前衛,B,狩人,弩弓技,暗殺箭,2,17,5,60,1562,,,100,,,,,TRUE
121105031,前衛,B,狩人,弩弓技,暗殺箭,3,21,7,60,2187,,,100,,,,,TRUE
121105041,前衛,B,狩人,弩弓技,暗殺箭,4,25,9,60,2812,,,100,,,,,TRUE
121105051,前衛,B,狩人,弩弓技,暗殺箭,5,29,12,60,3750,,,100,,,,,TRUE
121105061,前衛,B,狩人,弩弓技,暗殺箭,6,33,15,60,4687,,,100,,,,,TRUE
121105071,前衛,B,狩人,弩弓技,暗殺箭,7,37,18,60,5625,,,100,,,,,TRUE
121105081,前衛,B,狩人,弩弓技,暗殺箭,8,41,22,60,6875,,,100,,,,,TRUE
121105091,前衛,B,狩人,弩弓技,暗殺箭,9,45,28,60,8750,,,100,,,,,TRUE
121105101,前衛,B,狩人,弩弓技,暗殺箭,10,49,32,60,10000,,,100,,,,,TRUE
121105111,前衛,B,狩人,弩弓技,暗殺箭,11,53,37,60,11562,,,100,,,,,TRUE
121105121,前衛,B,狩人,弩弓技,暗殺箭,12,57,43,60,13437,,,100,,,,,TRUE
121105131,前衛,B,狩人,弩弓技,暗殺箭,13,61,49,60,15312,,,100,,,,,TRUE
121105141,前衛,B,狩人,弩弓技,暗殺箭,14,65,55,60,17187,,,100,,,,,TRUE
121105151,前衛,B,狩人,弩弓技,暗殺箭,15,69,62,60,19375,,,100,,,,,TRUE
121105160,前衛,B,狩人,弩弓技,暗殺箭,16,73,69,60,,,,,,,,,
121106011,前衛,B,狩人,弩弓技,一射入魂,1,27,14,40,2750,,,100,,,,,TRUE
121106021,前衛,B,狩人,弩弓技,一射入魂,2,31,18,40,3750,,,100,,,,,TRUE
121106031,前衛,B,狩人,弩弓技,一射入魂,3,35,22,40,4750,,,100,,,,,TRUE
121106041,前衛,B,狩人,弩弓技,一射入魂,4,39,28,40,5775,,,100,,,,,TRUE
121106051,前衛,B,狩人,弩弓技,一射入魂,5,43,34,40,7200,,,100,,,,,TRUE
121106061,前衛,B,狩人,弩弓技,一射入魂,6,47,42,40,8250,,,100,,,,,TRUE
121106071,前衛,B,狩人,弩弓技,一射入魂,7,51,52,40,10175,,,100,,,,,TRUE
121106081,前衛,B,狩人,弩弓技,一射入魂,8,55,62,40,11875,,,100,,,,,TRUE
121106091,前衛,B,狩人,弩弓技,一射入魂,9,59,74,40,13250,,,100,,,,,TRUE
121106101,前衛,B,狩人,弩弓技,一射入魂,10,63,88,40,15625,,,100,,,,,TRUE
121106111,前衛,B,狩人,弩弓技,一射入魂,11,68,106,40,21200,,,100,,,,,TRUE
121106120,前衛,B,狩人,弩弓技,一射入魂,12,73,125,40,,,,,,,,,
121107011,前衛,B,狩人,弩弓技,連鳥弓,1,30,6,11,1998,,,0,,,,,TRUE
121107021,前衛,B,狩人,弩弓技,連鳥弓,2,34,9,13,3147,,,0,,,,,TRUE
121107031,前衛,B,狩人,弩弓技,連鳥弓,3,38,13,15,4596,,,0,,,,,TRUE
121107041,前衛,B,狩人,弩弓技,連鳥弓,4,42,18,17,6495,,,0,,,,,TRUE
121107051,前衛,B,狩人,弩弓技,連鳥弓,5,46,24,19,8394,,,0,,,,,TRUE
121107061,前衛,B,狩人,弩弓技,連鳥弓,6,50,33,21,11543,,,0,,,,,TRUE
121107071,前衛,B,狩人,弩弓技,連鳥弓,7,54,39,23,13792,,,0,,,,,TRUE
121107081,前衛,B,狩人,弩弓技,連鳥弓,8,58,48,25,16866,,,0,,,,,TRUE
121107091,前衛,B,狩人,弩弓技,連鳥弓,9,62,58,27,20490,,,0,,,,,TRUE
121107101,前衛,B,狩人,弩弓技,連鳥弓,10,66,69,29,24189,,,0,,,,,TRUE
121108011,前衛,B,狩人,弩弓技,流星雨,1,29,18,50,2789,,,0,,,,,TRUE
121108021,前衛,B,狩人,弩弓技,流星雨,2,33,22,50,3409,,,0,,,,,TRUE
121108031,前衛,B,狩人,弩弓技,流星雨,3,37,28,50,4339,,,0,,,,,TRUE
121108041,前衛,B,狩人,弩弓技,流星雨,4,41,34,50,5269,,,0,,,,,TRUE
121108051,前衛,B,狩人,弩弓技,流星雨,5,45,42,50,6509,,,0,,,,,TRUE
121108061,前衛,B,狩人,弩弓技,流星雨,6,49,50,50,7749,,,0,,,,,TRUE
121108071,前衛,B,狩人,弩弓技,流星雨,7,53,64,50,9919,,,0,,,,,TRUE
121108081,前衛,B,狩人,弩弓技,流星雨,8,57,76,50,11779,,,0,,,,,TRUE
121108091,前衛,B,狩人,弩弓技,流星雨,9,61,90,50,13949,,,0,,,,,TRUE
121108101,前衛,B,狩人,弩弓技,流星雨,10,65,106,50,16429,,,0,,,,,TRUE
121109011,前衛,B,狩人,弩弓技,空弦,1,28,4,10,500,,,160,,,,,TRUE
121109021,前衛,B,狩人,弩弓技,空弦,2,32,6,11,750,,,190,,,,,TRUE
121109031,前衛,B,狩人,弩弓技,空弦,3,36,8,11,1001,,,220,,,,,TRUE
121109041,前衛,B,狩人,弩弓技,空弦,4,40,10,12,1251,,,250,,,,,TRUE
121109051,前衛,B,狩人,弩弓技,空弦,5,44,12,12,1501,,,280,,,,,TRUE
121109061,前衛,B,狩人,弩弓技,空弦,6,48,14,13,1752,,,310,,,,,TRUE
121109071,前衛,B,狩人,弩弓技,空弦,7,52,16,13,2002,,,340,,,,,TRUE
121109081,前衛,B,狩人,弩弓技,空弦,8,56,18,14,2252,,,370,,,,,TRUE
121109091,前衛,B,狩人,弩弓技,空弦,9,60,20,14,2503,,,400,,,,,TRUE
121109101,前衛,B,狩人,弩弓技,空弦,10,64,22,15,2753,,,430,,,,,TRUE
121110011,前衛,B,狩人,弩弓技,破邪箭,1,30,12,40,2100,,,100,,,,,TRUE
121110021,前衛,B,狩人,弩弓技,破邪箭,2,34,15,40,2625,,,100,,,,,TRUE
121110031,前衛,B,狩人,弩弓技,破邪箭,3,38,18,40,3150,,,100,,,,,TRUE
121110041,前衛,B,狩人,弩弓技,破邪箭,4,42,22,40,3850,,,100,,,,,TRUE
121110051,前衛,B,狩人,弩弓技,破邪箭,5,46,27,40,4725,,,100,,,,,TRUE
121110061,前衛,B,狩人,弩弓技,破邪箭,6,50,34,40,5950,,,100,,,,,TRUE
121110071,前衛,B,狩人,弩弓技,破邪箭,7,54,42,40,7350,,,100,,,,,TRUE
121110081,前衛,B,狩人,弩弓技,破邪箭,8,58,50,40,8750,,,100,,,,,TRUE
121110091,前衛,B,狩人,弩弓技,破邪箭,9,62,60,40,10500,,,100,,,,,TRUE
121110101,前衛,B,狩人,弩弓技,破邪箭,10,66,72,40,12600,,,100,,,,,TRUE
121110110,前衛,B,狩人,弩弓技,破邪箭,11,71,86,40,,,,,,,,,
121201011,前衛,B,狩人,立禅,塗毒,1,27,12,30,1249,物理,,0,1440,,,,TRUE
121201021,前衛,B,狩人,立禅,塗毒,2,31,16,30,1749,物理,,0,1728,,,,TRUE
121201031,前衛,B,狩人,立禅,塗毒,3,35,21,30,2374,物理,,0,2088,,,,TRUE
121201041,前衛,B,狩人,立禅,塗毒,4,39,26,30,2999,物理,,0,2448,,,,TRUE
121201051,前衛,B,狩人,立禅,塗毒,5,43,32,30,3749,物理,,0,2880,,,,TRUE
121201061,前衛,B,狩人,立禅,塗毒,6,47,39,30,4624,物理,,0,3384,,,,TRUE
121201071,前衛,B,狩人,立禅,塗毒,7,51,47,30,5624,物理,,0,3960,,,,TRUE
121201081,前衛,B,狩人,立禅,塗毒,8,55,55,30,6624,物理,,0,4536,,,,TRUE
121201091,前衛,B,狩人,立禅,塗毒,9,59,64,30,7749,物理,,0,5184,,,,TRUE
121201101,前衛,B,狩人,立禅,塗毒,10,63,74,30,8999,物理,,0,5904,,,,TRUE
121201111,前衛,B,狩人,立禅,塗毒,11,68,86,30,10499,物理,,0,6768,,,,TRUE
121201120,前衛,B,狩人,立禅,塗毒,12,73,100,30,,物理,,,7776,,,,
121202011,前衛,B,狩人,立禅,迦楼羅,1,29,10,20,1249,,,0,,,,,TRUE
121202021,前衛,B,狩人,立禅,迦楼羅,2,33,12,20,1499,,,0,,,,,TRUE
121202031,前衛,B,狩人,立禅,迦楼羅,3,37,15,20,1874,,,0,,,,,TRUE
121202041,前衛,B,狩人,立禅,迦楼羅,4,41,18,20,2249,,,0,,,,,TRUE
121202051,前衛,B,狩人,立禅,迦楼羅,5,45,21,20,2624,,,0,,,,,TRUE
121202061,前衛,B,狩人,立禅,迦楼羅,6,49,24,20,2999,,,0,,,,,TRUE
121202071,前衛,B,狩人,立禅,迦楼羅,7,53,27,20,3374,,,0,,,,,TRUE
121202081,前衛,B,狩人,立禅,迦楼羅,8,57,30,20,3749,,,0,,,,,TRUE
121202091,前衛,B,狩人,立禅,迦楼羅,9,61,33,20,4124,,,0,,,,,TRUE
121202101,前衛,B,狩人,立禅,迦楼羅,10,65,36,20,4499,,,0,,,,,TRUE
121202111,前衛,B,狩人,立禅,迦楼羅,11,70,46,20,5749,,,0,,,,,TRUE
121202120,前衛,B,狩人,立禅,迦楼羅,12,75,58,20,,,,,,,,,
122101011,前衛,B,武術家,拳技,浸透勁,1,10,4,12,300,物理,,100,119,,,,TRUE
122101021,前衛,B,武術家,拳技,浸透勁,2,14,6,12,450,物理,,100,179,,,,TRUE
122101031,前衛,B,武術家,拳技,浸透勁,3,18,8,12,600,物理,,100,239,,,,TRUE
122101041,前衛,B,武術家,拳技,浸透勁,4,22,10,12,750,物理,,100,299,,,,TRUE
122101051,前衛,B,武術家,拳技,浸透勁,5,26,12,12,900,物理,,100,359,,,,TRUE
122101061,前衛,B,武術家,拳技,浸透勁,6,30,14,12,1050,物理,,100,419,,,,TRUE
122101071,前衛,B,武術家,拳技,浸透勁,7,34,16,12,1200,物理,,100,479,,,,TRUE
122101081,前衛,B,武術家,拳技,浸透勁,8,38,20,12,1500,物理,,100,599,,,,TRUE
122101091,前衛,B,武術家,拳技,浸透勁,9,42,24,12,1800,物理,,100,719,,,,TRUE
122101101,前衛,B,武術家,拳技,浸透勁,10,46,30,12,2250,物理,,100,899,,,,TRUE
122101111,前衛,B,武術家,拳技,浸透勁,11,50,35,12,2625,物理,,100,1049,,,,TRUE
122101121,前衛,B,武術家,拳技,浸透勁,12,54,41,12,3075,物理,,100,1229,,,,TRUE
122101131,前衛,B,武術家,拳技,浸透勁,13,58,48,12,3600,物理,,100,1439,,,,TRUE
122101141,前衛,B,武術家,拳技,浸透勁,14,62,55,12,4125,物理,,100,1649,,,,TRUE
122101151,前衛,B,武術家,拳技,浸透勁,15,66,63,12,4725,物理,,100,1889,,,,TRUE
122101161,前衛,B,武術家,拳技,浸透勁,16,70,72,12,5400,物理,,100,2159,,,,TRUE
122101170,前衛,B,武術家,拳技,浸透勁,17,74,82,12,,,,,,,,,
122102011,前衛,B,武術家,拳技,気功波,1,12,4,10,400,,,100,,,,,TRUE
122102021,前衛,B,武術家,拳技,気功波,2,16,6,10,630,,,100,,,,,TRUE
122102031,前衛,B,武術家,拳技,気功波,3,20,8,10,880,,,100,,,,,TRUE
122102041,前衛,B,武術家,拳技,気功波,4,24,10,10,1150,,,100,,,,,TRUE
122102051,前衛,B,武術家,拳技,気功波,5,28,12,10,1440,,,100,,,,,TRUE
122102061,前衛,B,武術家,拳技,気功波,6,32,14,10,1750,,,100,,,,,TRUE
122102071,前衛,B,武術家,拳技,気功波,7,36,16,10,2080,,,100,,,,,TRUE
122102081,前衛,B,武術家,拳技,気功波,8,40,18,10,2430,,,100,,,,,TRUE
122102091,前衛,B,武術家,拳技,気功波,9,44,20,10,2800,,,100,,,,,TRUE
122102101,前衛,B,武術家,拳技,気功波,10,48,22,10,3180,,,100,,,,,TRUE
122102111,前衛,B,武術家,拳技,気功波,11,52,26,10,3900,,,100,,,,,TRUE
122102121,前衛,B,武術家,拳技,気功波,12,56,30,10,4500,,,100,,,,,TRUE
122102131,前衛,B,武術家,拳技,気功波,13,60,35,10,5250,,,100,,,,,TRUE
122102141,前衛,B,武術家,拳技,気功波,14,64,40,10,6000,,,100,,,,,TRUE
122102151,前衛,B,武術家,拳技,気功波,15,68,46,10,6900,,,100,,,,,TRUE
122102160,前衛,B,武術家,拳技,気功波,16,72,52,10,,,,,,,,,
122103011,前衛,B,武術家,拳技,爆震,1,13,12,10,374,,,0,,,,,TRUE
122103021,前衛,B,武術家,拳技,爆震,2,17,16,10,524,,,0,,,,,TRUE
122103031,前衛,B,武術家,拳技,爆震,3,21,20,10,674,,,0,,,,,TRUE
122103041,前衛,B,武術家,拳技,爆震,4,25,24,10,839,,,0,,,,,TRUE
122103051,前衛,B,武術家,拳技,爆震,5,29,28,10,1014,,,0,,,,,TRUE
122103061,前衛,B,武術家,拳技,爆震,6,33,32,10,1199,,,0,,,,,TRUE
122103071,前衛,B,武術家,拳技,爆震,7,37,36,10,1394,,,0,,,,,TRUE
122103081,前衛,B,武術家,拳技,爆震,8,41,40,10,1599,,,0,,,,,TRUE
122103091,前衛,B,武術家,拳技,爆震,9,45,44,10,1814,,,0,,,,,TRUE
122103101,前衛,B,武術家,拳技,爆震,10,49,48,10,2039,,,0,,,,,TRUE
122103111,前衛,B,武術家,拳技,爆震,11,53,53,10,2251,,,0,,,,,TRUE
122103121,前衛,B,武術家,拳技,爆震,12,57,60,10,2549,,,0,,,,,TRUE
122103131,前衛,B,武術家,拳技,爆震,13,61,69,10,2931,,,0,,,,,TRUE
122103141,前衛,B,武術家,拳技,爆震,14,65,79,10,3356,,,0,,,,,TRUE
122103151,前衛,B,武術家,拳技,爆震,15,69,90,10,3824,,,0,,,,,TRUE
122103160,前衛,B,武術家,拳技,爆震,16,73,102,10,,,,,,,,,
122104011,前衛,B,武術家,拳技,猛進,1,14,4,20,300,,,100,,,,,TRUE
122104021,前衛,B,武術家,拳技,猛進,2,18,6,20,465,,,100,,,,,TRUE
122104031,前衛,B,武術家,拳技,猛進,3,22,8,20,640,,,100,,,,,TRUE
122104041,前衛,B,武術家,拳技,猛進,4,26,10,20,825,,,100,,,,,TRUE
122104051,前衛,B,武術家,拳技,猛進,5,30,13,20,1105,,,100,,,,,TRUE
122104061,前衛,B,武術家,拳技,猛進,6,34,16,20,1400,,,100,,,,,TRUE
122104071,前衛,B,武術家,拳技,猛進,7,38,20,20,1800,,,100,,,,,TRUE
122104081,前衛,B,武術家,拳技,猛進,8,42,25,20,2312,,,100,,,,,TRUE
122104091,前衛,B,武術家,拳技,猛進,9,46,30,20,2850,,,100,,,,,TRUE
122104101,前衛,B,武術家,拳技,猛進,10,50,36,20,3510,,,100,,,,,TRUE
122104111,前衛,B,武術家,拳技,猛進,11,54,41,20,4100,,,100,,,,,TRUE
122104121,前衛,B,武術家,拳技,猛進,12,58,48,20,4920,,,100,,,,,TRUE
122104131,前衛,B,武術家,拳技,猛進,13,62,55,20,5775,,,100,,,,,TRUE
122104141,前衛,B,武術家,拳技,猛進,14,66,63,20,6772,,,100,,,,,TRUE
122104151,前衛,B,武術家,拳技,猛進,15,70,71,20,7810,,,100,,,,,TRUE
122104160,前衛,B,武術家,拳技,猛進,16,74,81,20,,,,,,,,,
122105010,前衛,B,武術家,拳技,剛山拳,1,30,11,20,,物理,,,1924,,,,
122105020,前衛,B,武術家,拳技,剛山拳,2,35,13,20,,物理,,,2199,,,,
122105030,前衛,B,武術家,拳技,剛山拳,3,40,15,20,,物理,,,2499,,,,
122105040,前衛,B,武術家,拳技,剛山拳,4,45,18,20,,物理,,,2824,,,,
122105050,前衛,B,武術家,拳技,剛山拳,5,50,21,20,,物理,,,3174,,,,
122105060,前衛,B,武術家,拳技,剛山拳,6,55,25,20,,物理,,,3549,,,,
122105070,前衛,B,武術家,拳技,剛山拳,7,60,29,20,,物理,,,3949,,,,
122105080,前衛,B,武術家,拳技,剛山拳,8,65,34,20,,物理,,,4374,,,,
122105090,前衛,B,武術家,拳技,剛山拳,9,70,39,20,,物理,,,4824,,,,
122105100,前衛,B,武術家,拳技,剛山拳,10,75,45,20,,,,,,,,,
122106011,前衛,B,武術家,拳技,白刃取り,1,32,13,20,1625,,,100,,,,,TRUE
122106021,前衛,B,武術家,拳技,白刃取り,2,37,16,20,2000,,,100,,,,,TRUE
122106031,前衛,B,武術家,拳技,白刃取り,3,42,20,20,2500,,,100,,,,,TRUE
122106041,前衛,B,武術家,拳技,白刃取り,4,47,25,20,3125,,,100,,,,,TRUE
122106051,前衛,B,武術家,拳技,白刃取り,5,52,30,20,3750,,,100,,,,,TRUE
122106061,前衛,B,武術家,拳技,白刃取り,6,57,35,20,4375,,,100,,,,,TRUE
122106071,前衛,B,武術家,拳技,白刃取り,7,62,41,20,5125,,,100,,,,,TRUE
122106081,前衛,B,武術家,拳技,白刃取り,8,67,48,20,6000,,,100,,,,,TRUE
122106090,前衛,B,武術家,拳技,白刃取り,9,72,56,20,,,,,,,,,
122107011,前衛,B,武術家,拳技,砕顎,1,35,15,21,1500,,,100,,,,,TRUE
122107021,前衛,B,武術家,拳技,砕顎,2,40,20,22,1987,,,100,,,,,TRUE
122107031,前衛,B,武術家,拳技,砕顎,3,45,25,23,2537,,,100,,,,,TRUE
122107041,前衛,B,武術家,拳技,砕顎,4,50,31,24,3135,,,100,,,,,TRUE
122107051,前衛,B,武術家,拳技,砕顎,5,55,39,25,3920,,,100,,,,,TRUE
122107061,前衛,B,武術家,拳技,砕顎,6,60,47,26,4737,,,100,,,,,TRUE
122107071,前衛,B,武術家,拳技,砕顎,7,65,57,27,5737,,,100,,,,,TRUE
122107081,前衛,B,武術家,拳技,砕顎,8,70,69,28,6890,,,100,,,,,TRUE
122107090,前衛,B,武術家,拳技,砕顎,9,75,81,29,,,,,,,,,
122201011,前衛,B,武術家,棍技,臥龍棍,1,10,4,15,600,,,200,,,,,TRUE
122201021,前衛,B,武術家,棍技,臥龍棍,2,16,6,15,915,,,200,,,,,TRUE
122201031,前衛,B,武術家,棍技,臥龍棍,3,21,8,15,1240,,,200,,,,,TRUE
122201041,前衛,B,武術家,棍技,臥龍棍,4,26,10,15,1575,,,200,,,,,TRUE
122201051,前衛,B,武術家,棍技,臥龍棍,5,31,12,15,1920,,,200,,,,,TRUE
122201061,前衛,B,武術家,棍技,臥龍棍,6,36,14,15,2275,,,250,,,,,TRUE
122201071,前衛,B,武術家,棍技,臥龍棍,7,41,16,15,2640,,,250,,,,,TRUE
122201081,前衛,B,武術家,棍技,臥龍棍,8,46,20,15,3350,,,250,,,,,TRUE
122201091,前衛,B,武術家,棍技,臥龍棍,9,51,24,15,4080,,,250,,,,,TRUE
122201101,前衛,B,武術家,棍技,臥龍棍,10,56,30,15,5175,,,250,,,,,TRUE
122201111,前衛,B,武術家,棍技,臥龍棍,11,60,34,15,5525,,,250,,,,,TRUE
122201121,前衛,B,武術家,棍技,臥龍棍,12,64,39,15,6337,,,250,,,,,TRUE
122201131,前衛,B,武術家,棍技,臥龍棍,13,68,44,15,7150,,,300,,,,,TRUE
122201140,前衛,B,武術家,棍技,臥龍棍,14,72,50,15,,,,,,,,,
122202011,前衛,B,武術家,棍技,昆吾棍,1,12,12,30,1050,,,250,,,,,TRUE
122202021,前衛,B,武術家,棍技,昆吾棍,2,17,18,35,1800,,,250,,,,,TRUE
122202031,前衛,B,武術家,棍技,昆吾棍,3,22,24,40,2700,,,250,,,,,TRUE
122202041,前衛,B,武術家,棍技,昆吾棍,4,27,30,45,3750,,,300,,,,,TRUE
122202051,前衛,B,武術家,棍技,昆吾棍,5,32,36,50,4950,,,300,,,,,TRUE
122202061,前衛,B,武術家,棍技,昆吾棍,6,37,42,55,6300,,,300,,,,,TRUE
122202071,前衛,B,武術家,棍技,昆吾棍,7,42,48,60,7800,,,350,,,,,TRUE
122202081,前衛,B,武術家,棍技,昆吾棍,8,47,60,65,10500,,,350,,,,,TRUE
122202091,前衛,B,武術家,棍技,昆吾棍,9,52,72,70,13500,,,350,,,,,TRUE
122202101,前衛,B,武術家,棍技,昆吾棍,10,57,90,75,18000,,,400,,,,,TRUE
122202111,前衛,B,武術家,棍技,昆吾棍,11,61,104,75,20800,,,400,,,,,TRUE
122202121,前衛,B,武術家,棍技,昆吾棍,12,65,119,75,23800,,,400,,,,,TRUE
122202131,前衛,B,武術家,棍技,昆吾棍,13,69,135,75,27000,,,450,,,,,TRUE
122202140,前衛,B,武術家,棍技,昆吾棍,14,73,152,75,,,,,,,,,
122203011,前衛,B,武術家,棍技,翻雲棍,1,13,6,25,601,,,450,,,,,TRUE
122203021,前衛,B,武術家,棍技,翻雲棍,2,18,9,25,916,,,470,,,,,TRUE
122203031,前衛,B,武術家,棍技,翻雲棍,3,23,12,25,1241,,,490,,,,,TRUE
122203041,前衛,B,武術家,棍技,翻雲棍,4,28,15,25,1577,,,510,,,,,TRUE
122203051,前衛,B,武術家,棍技,翻雲棍,5,33,18,25,1922,,,530,,,,,TRUE
122203061,前衛,B,武術家,棍技,翻雲棍,6,38,21,25,2277,,,600,,,,,TRUE
122203071,前衛,B,武術家,棍技,翻雲棍,7,43,24,25,2642,,,620,,,,,TRUE
122203081,前衛,B,武術家,棍技,翻雲棍,8,48,30,25,3352,,,640,,,,,TRUE
122203091,前衛,B,武術家,棍技,翻雲棍,9,53,36,25,4083,,,660,,,,,TRUE
122203101,前衛,B,武術家,棍技,翻雲棍,10,58,45,25,5178,,,680,,,,,TRUE
122203111,前衛,B,武術家,棍技,翻雲棍,11,62,52,25,6113,,,750,,,,,TRUE
122203121,前衛,B,武術家,棍技,翻雲棍,12,66,60,25,7053,,,750,,,,,TRUE
122203131,前衛,B,武術家,棍技,翻雲棍,13,70,69,25,8110,,,750,,,,,TRUE
122203140,前衛,B,武術家,棍技,翻雲棍,14,74,78,25,,,,,,,,,
122204011,前衛,B,武術家,棍技,花棍舞,1,31,11,40,963,,,250,,,,,TRUE
122204021,前衛,B,武術家,棍技,花棍舞,2,36,15,40,1313,,,270,,,,,TRUE
122204031,前衛,B,武術家,棍技,花棍舞,3,41,19,40,1663,,,290,,,,,TRUE
122204041,前衛,B,武術家,棍技,花棍舞,4,46,24,40,2102,,,310,,,,,TRUE
122204051,前衛,B,武術家,棍技,花棍舞,5,51,30,40,2627,,,330,,,,,TRUE
122204061,前衛,B,武術家,棍技,花棍舞,6,56,38,40,3327,,,350,,,,,TRUE
122204071,前衛,B,武術家,棍技,花棍舞,7,61,46,40,4029,,,370,,,,,TRUE
122204081,前衛,B,武術家,棍技,花棍舞,8,66,57,40,4989,,,390,,,,,TRUE
122204090,前衛,B,武術家,棍技,花棍舞,9,71,68,40,,,,,,,,,
122205011,前衛,B,武術家,棍技,護身龍,1,32,22,60,1652,,,550,,,,,TRUE
122205021,前衛,B,武術家,棍技,護身龍,2,37,29,60,2177,,,620,,,,,TRUE
122205031,前衛,B,武術家,棍技,護身龍,3,42,38,60,2852,,,640,,,,,TRUE
122205041,前衛,B,武術家,棍技,護身龍,4,47,48,60,3602,,,710,,,,,TRUE
122205051,前衛,B,武術家,棍技,護身龍,5,52,61,60,4577,,,730,,,,,TRUE
122205061,前衛,B,武術家,棍技,護身龍,6,57,76,60,5703,,,800,,,,,TRUE
122205071,前衛,B,武術家,棍技,護身龍,7,62,93,60,6978,,,820,,,,,TRUE
122205081,前衛,B,武術家,棍技,護身龍,8,67,114,60,8553,,,890,,,,,TRUE
122205090,前衛,B,武術家,棍技,護身龍,9,72,137,60,,,,,,,,,
122206011,前衛,B,武術家,棍技,鞭棍頂,1,33,7,20,964,,,300,,,,,TRUE
122206021,前衛,B,武術家,棍技,鞭棍頂,2,38,10,20,1314,,,320,,,,,TRUE
122206031,前衛,B,武術家,棍技,鞭棍頂,3,43,13,20,1664,,,340,,,,,TRUE
122206041,前衛,B,武術家,棍技,鞭棍頂,4,48,17,20,2102,,,360,,,,,TRUE
122206051,前衛,B,武術家,棍技,鞭棍頂,5,53,22,20,2627,,,380,,,,,TRUE
122206061,前衛,B,武術家,棍技,鞭棍頂,6,58,29,20,3328,,,400,,,,,TRUE
122206071,前衛,B,武術家,棍技,鞭棍頂,7,63,37,20,4028,,,420,,,,,TRUE
122206081,前衛,B,武術家,棍技,鞭棍頂,8,68,48,20,4990,,,440,,,,,TRUE
122206090,前衛,B,武術家,棍技,鞭棍頂,9,73,61,20,,,,,,,,,
122207011,前衛,B,武術家,棍技,武破衝,1,34,11,20,1512,,,100,,,,,TRUE
122207021,前衛,B,武術家,棍技,武破衝,2,39,14,20,1925,,,100,,,,,TRUE
122207031,前衛,B,武術家,棍技,武破衝,3,44,19,20,2612,,,100,,,,,TRUE
122207041,前衛,B,武術家,棍技,武破衝,4,49,24,20,3300,,,100,,,,,TRUE
122207051,前衛,B,武術家,棍技,武破衝,5,54,31,20,4262,,,100,,,,,TRUE
122207061,前衛,B,武術家,棍技,武破衝,6,59,38,20,5225,,,100,,,,,TRUE
122207071,前衛,B,武術家,棍技,武破衝,7,64,47,20,6462,,,100,,,,,TRUE
122207081,前衛,B,武術家,棍技,武破衝,8,69,57,20,7837,,,100,,,,,TRUE
122207090,前衛,B,武術家,棍技,武破衝,9,74,69,20,,,,,,,,,
123101011,前衛,B,盗賊,正攻,急所突き,1,10,6,50,700,,,100,,,,,TRUE
123101021,前衛,B,盗賊,正攻,急所突き,2,14,8,50,925,,,100,,,,,TRUE
123101031,前衛,B,盗賊,正攻,急所突き,3,18,11,50,1300,,,100,,,,,TRUE
123101041,前衛,B,盗賊,正攻,急所突き,4,22,14,50,1800,,,100,,,,,TRUE
123101051,前衛,B,盗賊,正攻,急所突き,5,26,18,50,2250,,,100,,,,,TRUE
123101061,前衛,B,盗賊,正攻,急所突き,6,30,23,50,3075,,,100,,,,,TRUE
123101071,前衛,B,盗賊,正攻,急所突き,7,34,29,50,3750,,,100,,,,,TRUE
123101081,前衛,B,盗賊,正攻,急所突き,8,38,36,50,4750,,,100,,,,,TRUE
123101091,前衛,B,盗賊,正攻,急所突き,9,42,44,50,6000,,,100,,,,,TRUE
123101101,前衛,B,盗賊,正攻,急所突き,10,46,53,50,7500,,,100,,,,,TRUE
123101111,前衛,B,盗賊,正攻,急所突き,11,50,65,50,9262,,,100,,,,,TRUE
123101121,前衛,B,盗賊,正攻,急所突き,12,54,77,50,10972,,,100,,,,,TRUE
123101131,前衛,B,盗賊,正攻,急所突き,13,58,89,50,12682,,,100,,,,,TRUE
123101141,前衛,B,盗賊,正攻,急所突き,14,62,102,50,14535,,,100,,,,,TRUE
123101151,前衛,B,盗賊,正攻,急所突き,15,66,116,50,16530,,,100,,,,,TRUE
123101161,前衛,B,盗賊,正攻,急所突き,16,70,132,50,18810,,,100,,,,,TRUE
123101170,前衛,B,盗賊,正攻,急所突き,17,74,150,50,,,,,,,,,
123102011,前衛,B,盗賊,正攻,燕返し,1,11,8,10,419,,,0,,,,,TRUE
123102021,前衛,B,盗賊,正攻,燕返し,2,15,12,10,629,,,0,,,,,TRUE
123102031,前衛,B,盗賊,正攻,燕返し,3,19,16,10,839,,,0,,,,,TRUE
123102041,前衛,B,盗賊,正攻,燕返し,4,23,20,10,1049,,,0,,,,,TRUE
123102051,前衛,B,盗賊,正攻,燕返し,5,27,26,10,1364,,,0,,,,,TRUE
123102061,前衛,B,盗賊,正攻,燕返し,6,31,32,10,1679,,,0,,,,,TRUE
123102071,前衛,B,盗賊,正攻,燕返し,7,35,40,10,2099,,,0,,,,,TRUE
123102081,前衛,B,盗賊,正攻,燕返し,8,39,48,10,2519,,,0,,,,,TRUE
123102091,前衛,B,盗賊,正攻,燕返し,9,43,62,10,3254,,,0,,,,,TRUE
123102101,前衛,B,盗賊,正攻,燕返し,10,47,74,10,3884,,,0,,,,,TRUE
123103011,前衛,B,盗賊,正攻,小刃撃,1,13,5,15,625,,,100,,,,,TRUE
123103021,前衛,B,盗賊,正攻,小刃撃,2,17,7,15,875,,,100,,,,,TRUE
123103031,前衛,B,盗賊,正攻,小刃撃,3,21,9,15,1125,,,100,,,,,TRUE
123103041,前衛,B,盗賊,正攻,小刃撃,4,25,11,15,1375,,,100,,,,,TRUE
123103051,前衛,B,盗賊,正攻,小刃撃,5,29,13,15,1625,,,100,,,,,TRUE
123103061,前衛,B,盗賊,正攻,小刃撃,6,33,16,15,2000,,,100,,,,,TRUE
123103071,前衛,B,盗賊,正攻,小刃撃,7,37,19,15,2375,,,100,,,,,TRUE
123103081,前衛,B,盗賊,正攻,小刃撃,8,41,23,15,2875,,,100,,,,,TRUE
123103091,前衛,B,盗賊,正攻,小刃撃,9,45,27,15,3375,,,100,,,,,TRUE
123103101,前衛,B,盗賊,正攻,小刃撃,10,49,32,15,4000,,,100,,,,,TRUE
123103111,前衛,B,盗賊,正攻,小刃撃,11,53,38,15,4750,,,100,,,,,TRUE
123103121,前衛,B,盗賊,正攻,小刃撃,12,57,44,15,5500,,,100,,,,,TRUE
123103131,前衛,B,盗賊,正攻,小刃撃,13,61,51,15,6375,,,100,,,,,TRUE
123103141,前衛,B,盗賊,正攻,小刃撃,14,65,58,15,7250,,,100,,,,,TRUE
123103151,前衛,B,盗賊,正攻,小刃撃,15,69,66,15,8250,,,100,,,,,TRUE
123103160,前衛,B,盗賊,正攻,小刃撃,16,73,75,15,,,,,,,,,
123104011,前衛,B,盗賊,正攻,死角閃,1,26,28,60,5092,,,200,,,,,TRUE
123104021,前衛,B,盗賊,正攻,死角閃,2,30,36,60,6590,,,200,,,,,TRUE
123104031,前衛,B,盗賊,正攻,死角閃,3,34,44,60,8242,,,200,,,,,TRUE
123104041,前衛,B,盗賊,正攻,死角閃,4,38,52,60,10007,,,200,,,,,TRUE
123104051,前衛,B,盗賊,正攻,死角閃,5,42,60,60,12057,,,200,,,,,TRUE
123104061,前衛,B,盗賊,正攻,死角閃,6,46,68,60,13905,,,200,,,,,TRUE
123104071,前衛,B,盗賊,正攻,死角閃,7,50,76,60,16232,,,200,,,,,TRUE
123104081,前衛,B,盗賊,正攻,死角閃,8,54,84,60,17460,,,200,,,,,TRUE
123104091,前衛,B,盗賊,正攻,死角閃,9,58,92,60,19492,,,200,,,,,TRUE
123104101,前衛,B,盗賊,正攻,死角閃,10,62,100,60,21735,,,200,,,,,TRUE
123104111,前衛,B,盗賊,正攻,死角閃,11,67,118,60,26845,,,200,,,,,TRUE
123104120,前衛,B,盗賊,正攻,死角閃,12,72,138,60,,,,,,,,,
123105011,前衛,B,盗賊,正攻,暴回殺,1,27,13,20,1101,,,0,,,,,TRUE
123105021,前衛,B,盗賊,正攻,暴回殺,2,31,16,20,1399,,,0,,,,,TRUE
123105031,前衛,B,盗賊,正攻,暴回殺,3,35,20,20,1736,,,0,,,,,TRUE
123105041,前衛,B,盗賊,正攻,暴回殺,4,39,25,20,2151,,,0,,,,,TRUE
123105051,前衛,B,盗賊,正攻,暴回殺,5,43,30,20,2629,,,0,,,,,TRUE
123105061,前衛,B,盗賊,正攻,暴回殺,6,47,37,20,3196,,,0,,,,,TRUE
123105071,前衛,B,盗賊,正攻,暴回殺,7,51,48,20,4216,,,0,,,,,TRUE
123105081,前衛,B,盗賊,正攻,暴回殺,8,55,57,20,5021,,,0,,,,,TRUE
123105091,前衛,B,盗賊,正攻,暴回殺,9,59,68,20,5654,,,0,,,,,TRUE
123105101,前衛,B,盗賊,正攻,暴回殺,10,63,80,20,6969,,,0,,,,,TRUE
123106011,前衛,B,盗賊,正攻,軽錘投擲,1,29,21,31,2600,,,100,,,,,TRUE
123106021,前衛,B,盗賊,正攻,軽錘投擲,2,33,26,32,3300,,,100,,,,,TRUE
123106031,前衛,B,盗賊,正攻,軽錘投擲,3,37,33,33,4100,,,100,,,,,TRUE
123106041,前衛,B,盗賊,正攻,軽錘投擲,4,41,41,34,5075,,,100,,,,,TRUE
123106051,前衛,B,盗賊,正攻,軽錘投擲,5,45,50,35,6200,,,100,,,,,TRUE
123106061,前衛,B,盗賊,正攻,軽錘投擲,6,49,60,36,7537,,,100,,,,,TRUE
123106071,前衛,B,盗賊,正攻,軽錘投擲,7,53,80,37,9950,,,100,,,,,TRUE
123106081,前衛,B,盗賊,正攻,軽錘投擲,8,57,95,38,11837,,,100,,,,,TRUE
123106091,前衛,B,盗賊,正攻,軽錘投擲,9,61,112,39,14037,,,100,,,,,TRUE
123106101,前衛,B,盗賊,正攻,軽錘投擲,10,65,131,40,16425,,,100,,,,,TRUE
123106111,前衛,B,盗賊,正攻,軽錘投擲,11,70,155,41,19375,,,100,,,,,TRUE
123106120,前衛,B,盗賊,正攻,軽錘投擲,12,75,186,42,,,,,,,,,
123201011,前衛,B,盗賊,邪道,暗器,1,12,4,10,590,,,100,,,,,TRUE
123201021,前衛,B,盗賊,邪道,暗器,2,16,5,10,725,,,100,,,,,TRUE
123201031,前衛,B,盗賊,邪道,暗器,3,20,7,10,997,,,100,,,,,TRUE
123201041,前衛,B,盗賊,邪道,暗器,4,24,9,10,1220,,,100,,,,,TRUE
123201051,前衛,B,盗賊,邪道,暗器,5,28,11,10,1442,,,100,,,,,TRUE
123201061,前衛,B,盗賊,邪道,暗器,6,32,13,10,1755,,,100,,,,,TRUE
123201071,前衛,B,盗賊,邪道,暗器,7,36,16,10,2120,,,100,,,,,TRUE
123201081,前衛,B,盗賊,邪道,暗器,8,40,19,10,2470,,,100,,,,,TRUE
123201091,前衛,B,盗賊,邪道,暗器,9,44,22,10,2805,,,100,,,,,TRUE
123201101,前衛,B,盗賊,邪道,暗器,10,48,26,10,3250,,,100,,,,,TRUE
123201111,前衛,B,盗賊,邪道,暗器,11,52,31,10,3875,,,100,,,,,TRUE
123201121,前衛,B,盗賊,邪道,暗器,12,56,36,10,4500,,,100,,,,,TRUE
123201131,前衛,B,盗賊,邪道,暗器,13,60,42,10,5250,,,100,,,,,TRUE
123201141,前衛,B,盗賊,邪道,暗器,14,64,48,10,6000,,,100,,,,,TRUE
123201151,前衛,B,盗賊,邪道,暗器,15,68,55,10,6875,,,100,,,,,TRUE
123201160,前衛,B,盗賊,邪道,暗器,16,72,62,10,,,,,,,,,
123202011,前衛,B,盗賊,邪道,暗器連珠,1,29,15,30,4190,,,200,,,,,TRUE
123202021,前衛,B,盗賊,邪道,暗器連珠,2,33,20,30,5214,,,200,,,,,TRUE
123202031,前衛,B,盗賊,邪道,暗器連珠,3,37,25,30,5994,,,200,,,,,TRUE
123202041,前衛,B,盗賊,邪道,暗器連珠,4,41,30,30,9741,,,300,,,,,TRUE
123202051,前衛,B,盗賊,邪道,暗器連珠,5,45,35,30,11271,,,300,,,,,TRUE
123202061,前衛,B,盗賊,邪道,暗器連珠,6,49,40,30,11850,,,300,,,,,TRUE
123202071,前衛,B,盗賊,邪道,暗器連珠,7,53,45,30,18400,,,400,,,,,TRUE
123202081,前衛,B,盗賊,邪道,暗器連珠,8,57,50,30,20040,,,400,,,,,TRUE
123202091,前衛,B,盗賊,邪道,暗器連珠,9,61,55,30,20800,,,400,,,,,TRUE
123202100,前衛,B,盗賊,邪道,暗器連珠,10,,,,,,,,,,,,
123202101,前衛,B,盗賊,邪道,暗器連珠,10,65,60,30,29510,,,500,,,,,TRUE
123203011,前衛,B,盗賊,邪道,ぶんどる,1,28,16,30,1175,,,100,,,,,TRUE
123203021,前衛,B,盗賊,邪道,ぶんどる,2,33,21,30,1575,,,100,,,,,TRUE
123203031,前衛,B,盗賊,邪道,ぶんどる,3,38,28,30,2090,,,100,,,,,TRUE
123203041,前衛,B,盗賊,邪道,ぶんどる,4,43,36,30,2700,,,100,,,,,TRUE
123203051,前衛,B,盗賊,邪道,ぶんどる,5,48,44,30,3300,,,100,,,,,TRUE
123203061,前衛,B,盗賊,邪道,ぶんどる,6,53,54,30,4025,,,100,,,,,TRUE
123203071,前衛,B,盗賊,邪道,ぶんどる,7,58,64,30,4775,,,100,,,,,TRUE
123203081,前衛,B,盗賊,邪道,ぶんどる,8,63,76,30,5850,,,100,,,,,TRUE
123203091,前衛,B,盗賊,邪道,ぶんどる,9,68,89,30,6712,,,100,,,,,TRUE
123203100,前衛,B,盗賊,邪道,ぶんどる,10,73,102,30,,,,,,,,,
124101011,前衛,B,商人,銭の力,飛銭撃,1,10,5,10,450,,,100,,,,,TRUE
124101021,前衛,B,商人,銭の力,飛銭撃,2,15,8,10,900,,,100,,,,,TRUE
124101031,前衛,B,商人,銭の力,飛銭撃,3,20,11,10,1350,,,100,,,,,TRUE
124101041,前衛,B,商人,銭の力,飛銭撃,4,25,14,10,1800,,,100,,,,,TRUE
124101051,前衛,B,商人,銭の力,飛銭撃,5,30,17,10,2250,,,100,,,,,TRUE
124101061,前衛,B,商人,銭の力,飛銭撃,6,35,20,10,2700,,,100,,,,,TRUE
124101071,前衛,B,商人,銭の力,飛銭撃,7,40,23,10,3150,,,100,,,,,TRUE
124101081,前衛,B,商人,銭の力,飛銭撃,8,45,26,10,3600,,,100,,,,,TRUE
124101091,前衛,B,商人,銭の力,飛銭撃,9,50,29,10,4050,,,100,,,,,TRUE
124101101,前衛,B,商人,銭の力,飛銭撃,10,55,32,10,4500,,,100,,,,,TRUE
124101111,前衛,B,商人,銭の力,飛銭撃,11,59,37,10,5365,,,100,,,,,TRUE
124101121,前衛,B,商人,銭の力,飛銭撃,12,63,42,10,6195,,,100,,,,,TRUE
124101131,前衛,B,商人,銭の力,飛銭撃,13,67,48,10,7200,,,100,,,,,TRUE
124101140,前衛,B,商人,銭の力,飛銭撃,14,71,54,10,,,,,,,,,
124102011,前衛,B,商人,銭の力,とりたて,1,11,7,10,699,,,600,,,,,TRUE
124102021,前衛,B,商人,銭の力,とりたて,2,16,9,10,903,,,630,,,,,TRUE
124102031,前衛,B,商人,銭の力,とりたて,3,21,11,10,1104,,,660,,,,,TRUE
124102041,前衛,B,商人,銭の力,とりたて,4,26,14,10,1404,,,690,,,,,TRUE
124102051,前衛,B,商人,銭の力,とりたて,5,31,17,10,1704,,,720,,,,,TRUE
124102061,前衛,B,商人,銭の力,とりたて,6,36,21,10,2103,,,750,,,,,TRUE
124102071,前衛,B,商人,銭の力,とりたて,7,41,26,10,2604,,,780,,,,,TRUE
124102081,前衛,B,商人,銭の力,とりたて,8,46,32,10,3204,,,810,,,,,TRUE
124102091,前衛,B,商人,銭の力,とりたて,9,51,38,10,3804,,,840,,,,,TRUE
124102101,前衛,B,商人,銭の力,とりたて,10,56,46,10,4599,,,870,,,,,TRUE
124102111,前衛,B,商人,銭の力,とりたて,11,60,53,10,5568,,,870,,,,,TRUE
124102121,前衛,B,商人,銭の力,とりたて,12,64,61,10,6408,,,870,,,,,TRUE
124102131,前衛,B,商人,銭の力,とりたて,13,68,69,10,7248,,,870,,,,,TRUE
124102140,前衛,B,商人,銭の力,とりたて,14,72,78,10,,,,,,,,,
124103011,前衛,B,商人,銭の力,飛銭雨,1,13,5,15,625,,,100,,,,,TRUE
124103021,前衛,B,商人,銭の力,飛銭雨,2,18,6,15,875,,,100,,,,,TRUE
124103031,前衛,B,商人,銭の力,飛銭雨,3,23,7,15,1250,,,100,,,,,TRUE
124103041,前衛,B,商人,銭の力,飛銭雨,4,28,8,15,1750,,,100,,,,,TRUE
124103051,前衛,B,商人,銭の力,飛銭雨,5,33,9,15,2375,,,100,,,,,TRUE
124103061,前衛,B,商人,銭の力,飛銭雨,6,38,10,15,3125,,,100,,,,,TRUE
124103071,前衛,B,商人,銭の力,飛銭雨,7,43,11,15,4000,,,100,,,,,TRUE
124103081,前衛,B,商人,銭の力,飛銭雨,8,48,12,15,5000,,,100,,,,,TRUE
124103091,前衛,B,商人,銭の力,飛銭雨,9,53,13,15,6125,,,100,,,,,TRUE
124103100,前衛,B,商人,銭の力,飛銭雨,10,,,,,,,,,,,,
124103101,前衛,B,商人,銭の力,飛銭雨,10,58,14,15,7375,,,100,,,,,TRUE
124104011,前衛,B,商人,銭の力,元宝,1,30,16,30,2400,,,100,,,,,TRUE
124104021,前衛,B,商人,銭の力,元宝,2,35,20,30,3000,,,100,,,,,TRUE
124104031,前衛,B,商人,銭の力,元宝,3,40,26,30,3900,,,100,,,,,TRUE
124104041,前衛,B,商人,銭の力,元宝,4,45,33,30,4950,,,100,,,,,TRUE
124104051,前衛,B,商人,銭の力,元宝,5,50,41,30,6150,,,100,,,,,TRUE
124104061,前衛,B,商人,銭の力,元宝,6,55,50,30,7500,,,100,,,,,TRUE
124104071,前衛,B,商人,銭の力,元宝,7,60,60,30,9000,,,100,,,,,TRUE
124104081,前衛,B,商人,銭の力,元宝,8,65,71,30,10650,,,100,,,,,TRUE
124104091,前衛,B,商人,銭の力,元宝,9,70,83,30,12450,,,100,,,,,TRUE
124104100,前衛,B,商人,銭の力,元宝,10,75,98,30,,,,,,,,,
124105011,前衛,B,商人,銭の力,さしおさえ,1,31,12,30,0,,,1300,,,,,TRUE
124105021,前衛,B,商人,銭の力,さしおさえ,2,36,16,30,0,,,1350,,,,,TRUE
124105031,前衛,B,商人,銭の力,さしおさえ,3,41,20,30,0,,,1400,,,,,TRUE
124105041,前衛,B,商人,銭の力,さしおさえ,4,46,24,30,0,,,1450,,,,,TRUE
124105051,前衛,B,商人,銭の力,さしおさえ,5,51,28,30,0,,,1500,,,,,TRUE
124105061,前衛,B,商人,銭の力,さしおさえ,6,56,32,30,0,,,1550,,,,,TRUE
124105071,前衛,B,商人,銭の力,さしおさえ,7,61,36,30,0,,,1600,,,,,TRUE
124105081,前衛,B,商人,銭の力,さしおさえ,8,66,40,30,0,,,1650,,,,,TRUE
124105090,前衛,B,商人,銭の力,さしおさえ,9,71,44,30,,,,,,,,,
211101010,後衛,A,道士,符術,火焔符,1,10,5,8,,法術,火,0,,,,,
211101020,後衛,A,道士,符術,火焔符,2,16,8,8,,法術,火,0,,,,,
211101030,後衛,A,道士,符術,火焔符,3,22,12,8,,法術,火,0,,,,,
211101040,後衛,A,道士,符術,火焔符,4,28,17,8,,法術,火,0,,,,,
211101050,後衛,A,道士,符術,火焔符,5,34,23,8,,法術,火,0,,,,,
211101060,後衛,A,道士,符術,火焔符,6,40,30,8,,法術,火,0,,,,,
211101070,後衛,A,道士,符術,火焔符,7,46,39,8,,法術,火,0,,,,,
211101080,後衛,A,道士,符術,火焔符,8,52,50,8,,法術,火,0,,,,,
211101090,後衛,A,道士,符術,火焔符,9,58,63,8,,法術,火,0,,,,,
211101101,後衛,A,道士,符術,火焔符,10,64,78,8,17549,法術,火,0,,,,,TRUE
211101111,後衛,A,道士,符術,火焔符,11,70,94,8,21149,法術,火,0,,,,,TRUE
211101120,後衛,A,道士,符術,火焔符,12,76,114,8,,法術,火,,,,,,
211102010,後衛,A,道士,符術,爆裂符,1,12,12,12,,法術,火,0,,,,,
211102020,後衛,A,道士,符術,爆裂符,2,18,18,12,,法術,火,0,,,,,
211102030,後衛,A,道士,符術,爆裂符,3,24,24,12,,法術,火,0,,,,,
211102040,後衛,A,道士,符術,爆裂符,4,30,33,12,,法術,火,0,,,,,
211102050,後衛,A,道士,符術,爆裂符,5,36,42,12,,法術,火,0,,,,,
211102060,後衛,A,道士,符術,爆裂符,6,42,54,12,,法術,火,0,,,,,
211102070,後衛,A,道士,符術,爆裂符,7,48,69,12,,法術,火,0,,,,,
211102080,後衛,A,道士,符術,爆裂符,8,54,87,12,,法術,火,0,,,,,
211102090,後衛,A,道士,符術,爆裂符,9,60,108,12,,法術,火,0,,,,,
211102101,後衛,A,道士,符術,爆裂符,10,66,132,12,14991,法術,火,0,,,,,TRUE
211103010,後衛,A,道士,符術,落雷符,1,13,10,20,,法術,金,0,,,法術,火,
211103020,後衛,A,道士,符術,落雷符,2,19,14,20,,法術,金,0,,,法術,火,
211103030,後衛,A,道士,符術,落雷符,3,25,20,20,,法術,金,0,,,法術,火,
211103040,後衛,A,道士,符術,落雷符,4,31,26,20,,法術,金,0,,,法術,火,
211103050,後衛,A,道士,符術,落雷符,5,37,35,20,,法術,金,0,,,法術,火,
211103060,後衛,A,道士,符術,落雷符,6,43,45,20,,法術,金,0,,,法術,火,
211103070,後衛,A,道士,符術,落雷符,7,49,57,20,,法術,金,0,,,法術,火,
211103080,後衛,A,道士,符術,落雷符,8,55,70,20,,法術,金,0,,,法術,火,
211103090,後衛,A,道士,符術,落雷符,9,61,87,20,,法術,金,0,,,法術,火,
211103101,後衛,A,道士,符術,落雷符,10,67,106,20,17666,法術,金,0,,11041,法術,火,TRUE
211103110,後衛,A,道士,符術,落雷符,11,73,125,20,,法術,金,,,,法術,火,
211104010,後衛,A,道士,符術,地霊符,1,14,8,12,,法術,土,0,,,,,
211104020,後衛,A,道士,符術,地霊符,2,20,12,12,,法術,土,0,,,,,
211104030,後衛,A,道士,符術,地霊符,3,26,16,12,,法術,土,0,,,,,
211104040,後衛,A,道士,符術,地霊符,4,32,22,12,,法術,土,0,,,,,
211104050,後衛,A,道士,符術,地霊符,5,38,28,12,,法術,土,0,,,,,
211104060,後衛,A,道士,符術,地霊符,6,44,36,12,,法術,土,0,,,,,
211104070,後衛,A,道士,符術,地霊符,7,50,46,12,,法術,土,0,,,,,
211104080,後衛,A,道士,符術,地霊符,8,56,58,12,,法術,土,0,,,,,
211104090,後衛,A,道士,符術,地霊符,9,62,72,12,,法術,土,0,,,,,
211104101,後衛,A,道士,符術,地霊符,10,68,88,12,5866,法術,土,0,,,,,TRUE
211105010,後衛,A,道士,符術,毒雨符,1,15,9,60,,法術,水,0,,,,,
211105020,後衛,A,道士,符術,毒雨符,2,21,13,57,,法術,水,0,,,,,
211105030,後衛,A,道士,符術,毒雨符,3,27,17,54,,法術,水,0,,,,,
211105040,後衛,A,道士,符術,毒雨符,4,33,21,51,,法術,水,0,,,,,
211105050,後衛,A,道士,符術,毒雨符,5,39,25,48,,法術,水,0,,,,,
211105060,後衛,A,道士,符術,毒雨符,6,45,30,45,,法術,水,0,,,,,
211105070,後衛,A,道士,符術,毒雨符,7,51,35,42,,法術,水,0,,,,,
211105080,後衛,A,道士,符術,毒雨符,8,57,40,39,,法術,水,0,,,,,
211105090,後衛,A,道士,符術,毒雨符,9,63,45,36,,法術,水,0,,,,,
211105101,後衛,A,道士,符術,毒雨符,10,69,51,33,11245,法術,水,0,,,,,TRUE
211106010,後衛,A,道士,符術,業炎秘符,1,29,29,20,,法術,火,0,,,,,
211106020,後衛,A,道士,符術,業炎秘符,2,35,37,20,,法術,火,0,,,,,
211106030,後衛,A,道士,符術,業炎秘符,3,41,47,20,,法術,火,0,,,,,
211106040,後衛,A,道士,符術,業炎秘符,4,47,60,20,,法術,火,0,,,,,
211106050,後衛,A,道士,符術,業炎秘符,5,53,76,20,,法術,火,0,,,,,
211106060,後衛,A,道士,符術,業炎秘符,6,59,95,20,,法術,火,0,,,,,
211106071,後衛,A,道士,符術,業炎秘符,7,65,117,20,26324,法術,火,0,,,,,TRUE
211106080,後衛,A,道士,符術,業炎秘符,8,71,143,20,,法術,火,,,,,,
211107010,後衛,A,道士,符術,瘴鳴秘符,1,31,80,50,,法術,,0,1200,,,,
211107020,後衛,A,道士,符術,瘴鳴秘符,2,37,96,50,,法術,,0,1680,,,,
211107030,後衛,A,道士,符術,瘴鳴秘符,3,43,112,50,,法術,,0,2160,,,,
211107040,後衛,A,道士,符術,瘴鳴秘符,4,49,128,50,,法術,,0,2640,,,,
211107050,後衛,A,道士,符術,瘴鳴秘符,5,55,144,50,,法術,,0,3120,,,,
211107060,後衛,A,道士,符術,瘴鳴秘符,6,61,160,50,,法術,,0,3600,,,,
211107071,後衛,A,道士,符術,瘴鳴秘符,7,67,176,50,4399,法術,,0,4080,,,,TRUE
211107080,後衛,A,道士,符術,瘴鳴秘符,8,73,192,50,,法術,,,,,,,
211108010,後衛,A,道士,符術,轟雷秘符,1,32,84,40,,法術,金,0,,,,,
211108020,後衛,A,道士,符術,轟雷秘符,2,38,107,44,,法術,金,0,,,,,
211108030,後衛,A,道士,符術,轟雷秘符,3,44,137,48,,法術,金,0,,,,,
211108040,後衛,A,道士,符術,轟雷秘符,4,50,174,52,,法術,金,0,,,,,
211108050,後衛,A,道士,符術,轟雷秘符,5,56,219,56,,法術,金,0,,,,,
211108060,後衛,A,道士,符術,轟雷秘符,6,62,272,60,,法術,金,0,,,,,
211108071,後衛,A,道士,符術,轟雷秘符,7,68,333,64,16649,法術,金,0,,49948,,,TRUE
211108080,後衛,A,道士,符術,轟雷秘符,8,74,403,68,,法術,金,,,,,,
211109010,後衛,A,道士,符術,茨秘符,1,33,17,20,,法術,木,0,,,,,
211109020,後衛,A,道士,符術,茨秘符,2,39,21,20,,法術,木,0,,,,,
211109030,後衛,A,道士,符術,茨秘符,3,45,25,20,,法術,木,0,,,,,
211109040,後衛,A,道士,符術,茨秘符,4,51,29,20,,法術,木,0,,,,,
211109050,後衛,A,道士,符術,茨秘符,5,57,33,20,,法術,木,0,,,,,
211109060,後衛,A,道士,符術,茨秘符,6,63,38,20,,法術,木,0,,,,,
211109071,後衛,A,道士,符術,茨秘符,7,69,43,20,5374,法術,木,0,,,,,TRUE
211109080,後衛,A,道士,符術,茨秘符,8,75,48,20,,法術,木,,,,,,
211201010,後衛,A,道士,加持,念呪,1,11,4,6,,法術,,0,,,,,
211201020,後衛,A,道士,加持,念呪,2,17,6,6,,法術,,0,,,,,
211201030,後衛,A,道士,加持,念呪,3,23,8,6,,法術,,0,,,,,
211201040,後衛,A,道士,加持,念呪,4,29,11,6,,法術,,0,,,,,
211201050,後衛,A,道士,加持,念呪,5,35,15,6,,法術,,0,,,,,
211201060,後衛,A,道士,加持,念呪,6,41,20,6,,法術,,0,,,,,
211201070,後衛,A,道士,加持,念呪,7,47,26,6,,法術,,0,,,,,
211201080,後衛,A,道士,加持,念呪,8,53,33,6,,法術,,0,,,,,
211201090,後衛,A,道士,加持,念呪,9,59,41,6,,法術,,0,,,,,
211201101,後衛,A,道士,加持,念呪,10,65,50,6,8923,法術,,0,,,,,TRUE
211201110,後衛,A,道士,加持,念呪,11,71,63,6,,法術,,,,,,,
211202010,後衛,A,道士,加持,観世音,1,20,13,5,,法術,,,,,,,
211202020,後衛,A,道士,加持,観世音,2,26,16,5,,法術,,,,,,,
211202030,後衛,A,道士,加持,観世音,3,32,20,5,,法術,,,,,,,
211202040,後衛,A,道士,加持,観世音,4,38,24,5,,法術,,,,,,,
211202050,後衛,A,道士,加持,観世音,5,44,28,5,,法術,,,,,,,
211202060,後衛,A,道士,加持,観世音,6,50,33,5,,法術,,,,,,,
211202070,後衛,A,道士,加持,観世音,7,56,38,5,,法術,,,,,,,
211202080,後衛,A,道士,加持,観世音,8,62,43,5,,法術,,,,,,,
211202091,後衛,A,道士,加持,観世音,9,68,49,5,4330,法術,,,,,,,TRUE
211202100,後衛,A,道士,加持,観世音,10,74,55,5,,法術,,,,,,,
212101010,後衛,A,陰陽師,五行相剋,小雪,1,10,4,10,,法術,金,0,,,,,
212101020,後衛,A,陰陽師,五行相剋,小雪,2,16,6,10,,法術,金,0,,,,,
212101030,後衛,A,陰陽師,五行相剋,小雪,3,22,8,11,,法術,金,0,,,,,
212101040,後衛,A,陰陽師,五行相剋,小雪,4,28,11,11,,法術,金,0,,,,,
212101050,後衛,A,陰陽師,五行相剋,小雪,5,34,14,12,,法術,金,0,,,,,
212101060,後衛,A,陰陽師,五行相剋,小雪,6,40,18,12,,法術,金,0,,,,,
212101070,後衛,A,陰陽師,五行相剋,小雪,7,46,23,13,,法術,金,0,,,,,
212101080,後衛,A,陰陽師,五行相剋,小雪,8,52,29,13,,法術,金,0,,,,,
212101090,後衛,A,陰陽師,五行相剋,小雪,9,58,36,14,,法術,金,0,,,,,
212101101,後衛,A,陰陽師,五行相剋,小雪,10,64,44,14,8799,法術,金,0,,,,,TRUE
212101111,後衛,A,陰陽師,五行相剋,小雪,11,70,55,15,10999,法術,金,0,,,,,TRUE
212101120,後衛,A,陰陽師,五行相剋,小雪,12,76,67,15,,法術,金,,,,,,
212102010,後衛,A,陰陽師,五行相剋,立春,1,11,4,10,,法術,木,0,,,,,
212102020,後衛,A,陰陽師,五行相剋,立春,2,17,6,10,,法術,木,0,,,,,
212102030,後衛,A,陰陽師,五行相剋,立春,3,23,8,11,,法術,木,0,,,,,
212102040,後衛,A,陰陽師,五行相剋,立春,4,29,11,11,,法術,木,0,,,,,
212102050,後衛,A,陰陽師,五行相剋,立春,5,35,14,12,,法術,木,0,,,,,
212102060,後衛,A,陰陽師,五行相剋,立春,6,41,18,12,,法術,木,0,,,,,
212102070,後衛,A,陰陽師,五行相剋,立春,7,47,23,13,,法術,木,0,,,,,
212102080,後衛,A,陰陽師,五行相剋,立春,8,53,29,13,,法術,木,0,,,,,
212102090,後衛,A,陰陽師,五行相剋,立春,9,59,36,14,,法術,木,0,,,,,
212102101,後衛,A,陰陽師,五行相剋,立春,10,65,44,14,8799,法術,木,0,,,,,TRUE
212102110,後衛,A,陰陽師,五行相剋,立春,11,71,55,15,,法術,木,0,,,,,
212103010,後衛,A,陰陽師,五行相剋,小満,1,12,4,10,,法術,水,0,,,,,
212103020,後衛,A,陰陽師,五行相剋,小満,2,18,6,10,,法術,水,0,,,,,
212103030,後衛,A,陰陽師,五行相剋,小満,3,24,8,11,,法術,水,0,,,,,
212103040,後衛,A,陰陽師,五行相剋,小満,4,30,11,11,,法術,水,0,,,,,
212103050,後衛,A,陰陽師,五行相剋,小満,5,36,14,12,,法術,水,0,,,,,
212103060,後衛,A,陰陽師,五行相剋,小満,6,42,18,12,,法術,水,0,,,,,
212103070,後衛,A,陰陽師,五行相剋,小満,7,48,23,13,,法術,水,0,,,,,
212103080,後衛,A,陰陽師,五行相剋,小満,8,54,29,13,,法術,水,0,,,,,
212103090,後衛,A,陰陽師,五行相剋,小満,9,60,36,14,,法術,水,0,,,,,
212103101,後衛,A,陰陽師,五行相剋,小満,10,66,44,14,8799,法術,水,0,,,,,TRUE
212103110,後衛,A,陰陽師,五行相剋,小満,11,72,55,15,,法術,水,,,,,,
212104010,後衛,A,陰陽師,五行相剋,立夏,1,13,4,10,,法術,火,0,,,,,
212104020,後衛,A,陰陽師,五行相剋,立夏,2,19,6,10,,法術,火,0,,,,,
212104030,後衛,A,陰陽師,五行相剋,立夏,3,25,8,11,,法術,火,0,,,,,
212104040,後衛,A,陰陽師,五行相剋,立夏,4,31,11,11,,法術,火,0,,,,,
212104050,後衛,A,陰陽師,五行相剋,立夏,5,37,14,12,,法術,火,0,,,,,
212104060,後衛,A,陰陽師,五行相剋,立夏,6,43,18,12,,法術,火,0,,,,,
212104070,後衛,A,陰陽師,五行相剋,立夏,7,49,23,13,,法術,火,0,,,,,
212104080,後衛,A,陰陽師,五行相剋,立夏,8,55,29,13,,法術,火,0,,,,,
212104090,後衛,A,陰陽師,五行相剋,立夏,9,61,36,14,,法術,火,0,,,,,
212104101,後衛,A,陰陽師,五行相剋,立夏,10,67,44,14,8799,法術,火,0,,,,,TRUE
212104110,後衛,A,陰陽師,五行相剋,立夏,11,73,55,15,,法術,火,,,,,,
212105010,後衛,A,陰陽師,五行相剋,立秋,1,14,4,10,,法術,土,0,,,,,
212105020,後衛,A,陰陽師,五行相剋,立秋,2,20,6,10,,法術,土,0,,,,,
212105030,後衛,A,陰陽師,五行相剋,立秋,3,26,8,11,,法術,土,0,,,,,
212105040,後衛,A,陰陽師,五行相剋,立秋,4,32,11,11,,法術,土,0,,,,,
212105050,後衛,A,陰陽師,五行相剋,立秋,5,38,14,12,,法術,土,0,,,,,
212105060,後衛,A,陰陽師,五行相剋,立秋,6,44,18,12,,法術,土,0,,,,,
212105070,後衛,A,陰陽師,五行相剋,立秋,7,50,23,13,,法術,土,0,,,,,
212105080,後衛,A,陰陽師,五行相剋,立秋,8,56,29,13,,法術,土,0,,,,,
212105090,後衛,A,陰陽師,五行相剋,立秋,9,62,36,14,,法術,土,0,,,,,
212105101,後衛,A,陰陽師,五行相剋,立秋,10,68,44,14,8799,法術,土,0,,,,,TRUE
212105110,後衛,A,陰陽師,五行相剋,立秋,11,74,55,15,,法術,土,0,,,,,
212106010,後衛,A,陰陽師,五行相剋,大雪,1,29,24,25,,法術,金,0,,,,,
212106020,後衛,A,陰陽師,五行相剋,大雪,2,35,30,25,,法術,金,0,,,,,
212106030,後衛,A,陰陽師,五行相剋,大雪,3,41,36,25,,法術,金,0,,,,,
212106040,後衛,A,陰陽師,五行相剋,大雪,4,47,42,25,,法術,金,0,,,,,
212106050,後衛,A,陰陽師,五行相剋,大雪,5,53,50,25,,法術,金,0,,,,,
212106061,後衛,A,陰陽師,五行相剋,大雪,6,59,60,25,3699,法術,金,0,,,,,TRUE
212106071,後衛,A,陰陽師,五行相剋,大雪,7,65,72,25,4499,法術,金,0,,,,,TRUE
212106080,後衛,A,陰陽師,五行相剋,大雪,8,71,86,25,,法術,金,,,,,,
212107010,後衛,A,陰陽師,五行相剋,春分,1,30,24,25,,法術,木,0,,,,,
212107020,後衛,A,陰陽師,五行相剋,春分,2,36,30,25,,法術,木,0,,,,,
212107030,後衛,A,陰陽師,五行相剋,春分,3,42,36,25,,法術,木,0,,,,,
212107040,後衛,A,陰陽師,五行相剋,春分,4,48,42,25,,法術,木,0,,,,,
212107050,後衛,A,陰陽師,五行相剋,春分,5,54,50,25,,法術,木,0,,,,,
212107061,後衛,A,陰陽師,五行相剋,春分,6,60,60,25,3699,法術,木,0,,,,,TRUE
212107071,後衛,A,陰陽師,五行相剋,春分,7,66,72,25,4499,法術,木,0,,,,,TRUE
212107080,後衛,A,陰陽師,五行相剋,春分,8,72,86,25,,法術,木,,,,,,
212108010,後衛,A,陰陽師,五行相剋,雨水,1,31,24,25,,法術,水,0,,,,,
212108020,後衛,A,陰陽師,五行相剋,雨水,2,37,30,25,,法術,水,0,,,,,
212108030,後衛,A,陰陽師,五行相剋,雨水,3,43,36,25,,法術,水,0,,,,,
212108040,後衛,A,陰陽師,五行相剋,雨水,4,49,42,25,,法術,水,0,,,,,
212108050,後衛,A,陰陽師,五行相剋,雨水,5,55,50,25,,法術,水,0,,,,,
212108061,後衛,A,陰陽師,五行相剋,雨水,6,61,60,25,3699,法術,水,0,,,,,TRUE
212108071,後衛,A,陰陽師,五行相剋,雨水,7,67,72,25,4499,法術,水,0,,,,,TRUE
212108080,後衛,A,陰陽師,五行相剋,雨水,8,73,86,25,,法術,水,,,,,,
212109010,後衛,A,陰陽師,五行相剋,夏至,1,32,24,25,,法術,火,0,,,,,
212109020,後衛,A,陰陽師,五行相剋,夏至,2,38,30,25,,法術,火,0,,,,,
212109030,後衛,A,陰陽師,五行相剋,夏至,3,44,36,25,,法術,火,0,,,,,
212109040,後衛,A,陰陽師,五行相剋,夏至,4,50,42,25,,法術,火,0,,,,,
212109050,後衛,A,陰陽師,五行相剋,夏至,5,56,50,25,,法術,火,0,,,,,
212109061,後衛,A,陰陽師,五行相剋,夏至,6,62,60,25,3699,法術,火,0,,,,,TRUE
212109071,後衛,A,陰陽師,五行相剋,夏至,7,68,72,25,4499,法術,火,0,,,,,TRUE
212109080,後衛,A,陰陽師,五行相剋,夏至,8,74,86,25,,法術,火,,,,,,
212110010,後衛,A,陰陽師,五行相剋,秋分,1,33,24,25,,法術,土,0,,,,,
212110020,後衛,A,陰陽師,五行相剋,秋分,2,39,30,25,,法術,土,0,,,,,
212110030,後衛,A,陰陽師,五行相剋,秋分,3,45,36,25,,法術,土,0,,,,,
212110040,後衛,A,陰陽師,五行相剋,秋分,4,51,42,25,,法術,土,0,,,,,
212110050,後衛,A,陰陽師,五行相剋,秋分,5,57,50,25,,法術,土,0,,,,,
212110061,後衛,A,陰陽師,五行相剋,秋分,6,63,60,25,3699,法術,土,0,,,,,TRUE
212110071,後衛,A,陰陽師,五行相剋,秋分,7,64,72,25,4499,法術,土,0,,,,,TRUE
212110080,後衛,A,陰陽師,五行相剋,秋分,8,70,86,25,,法術,土,,,,,,
212201011,後衛,A,陰陽師,風水陣,処暑,1,15,10,30,,法術,,,960,,,,TRUE
212201021,後衛,A,陰陽師,風水陣,処暑,2,19,15,30,,法術,,,1440,,,,TRUE
212201031,後衛,A,陰陽師,風水陣,処暑,3,23,20,30,,法術,,,1920,,,,TRUE
212201041,後衛,A,陰陽師,風水陣,処暑,4,27,25,30,,法術,,,2400,,,,TRUE
212201051,後衛,A,陰陽師,風水陣,処暑,5,31,30,30,,法術,,,2880,,,,TRUE
212201061,後衛,A,陰陽師,風水陣,処暑,6,35,35,30,,法術,,,3360,,,,TRUE
212201071,後衛,A,陰陽師,風水陣,処暑,7,39,40,30,,法術,,,3840,,,,TRUE
212201081,後衛,A,陰陽師,風水陣,処暑,8,43,45,30,,法術,,,4320,,,,TRUE
212201091,後衛,A,陰陽師,風水陣,処暑,9,47,50,30,,法術,,,4800,,,,TRUE
212201101,後衛,A,陰陽師,風水陣,処暑,10,51,55,30,,法術,,,5280,,,,TRUE
212201111,後衛,A,陰陽師,風水陣,処暑,11,55,60,30,,法術,,,5760,,,,TRUE
212201121,後衛,A,陰陽師,風水陣,処暑,12,59,65,30,,法術,,,6240,,,,TRUE
212201131,後衛,A,陰陽師,風水陣,処暑,13,63,70,30,,法術,,,6720,,,,TRUE
212201141,後衛,A,陰陽師,風水陣,処暑,14,67,75,30,,法術,,,7200,,,,TRUE
212201151,後衛,A,陰陽師,風水陣,処暑,15,71,80,30,,法術,,,7680,,,,TRUE
212202010,後衛,A,陰陽師,風水陣,大暑,1,29,36,30,,法術,,0,,,,,
212202020,後衛,A,陰陽師,風水陣,大暑,2,33,45,30,,法術,,0,,,,,
212202030,後衛,A,陰陽師,風水陣,大暑,3,37,54,30,,法術,,0,,,,,
212202040,後衛,A,陰陽師,風水陣,大暑,4,41,63,30,,法術,,0,,,,,
212202050,後衛,A,陰陽師,風水陣,大暑,5,45,72,30,,法術,,0,,,,,
212202060,後衛,A,陰陽師,風水陣,大暑,6,49,81,30,,法術,,0,,,,,
212202070,後衛,A,陰陽師,風水陣,大暑,7,53,90,30,,法術,,0,,,,,
212202080,後衛,A,陰陽師,風水陣,大暑,8,57,99,30,,法術,,0,,,,,
212202090,後衛,A,陰陽師,風水陣,大暑,9,61,108,30,,法術,,0,,,,,
212202101,後衛,A,陰陽師,風水陣,大暑,10,65,117,30,10236,法術,,0,,,,,TRUE
212202111,後衛,A,陰陽師,風水陣,大暑,11,69,132,30,12209,法術,,0,,,,,TRUE
212202120,後衛,A,陰陽師,風水陣,大暑,12,73,150,30,,法術,,,,,,,
212203010,後衛,A,陰陽師,風水陣,寒露,1,30,36,30,,法術,,0,,,,,
212203020,後衛,A,陰陽師,風水陣,寒露,2,34,45,30,,法術,,0,,,,,
212203030,後衛,A,陰陽師,風水陣,寒露,3,38,54,30,,法術,,0,,,,,
212203040,後衛,A,陰陽師,風水陣,寒露,4,42,63,30,,法術,,0,,,,,
212203050,後衛,A,陰陽師,風水陣,寒露,5,46,72,30,,法術,,0,,,,,
212203060,後衛,A,陰陽師,風水陣,寒露,6,50,81,30,,法術,,0,,,,,
212203070,後衛,A,陰陽師,風水陣,寒露,7,54,90,30,,法術,,0,,,,,
212203080,後衛,A,陰陽師,風水陣,寒露,8,58,99,30,,法術,,0,,,,,
212203090,後衛,A,陰陽師,風水陣,寒露,9,62,108,30,,法術,,0,,,,,
212203101,後衛,A,陰陽師,風水陣,寒露,10,66,117,30,10236,法術,,0,,,,,TRUE
212203111,後衛,A,陰陽師,風水陣,寒露,11,70,132,30,12209,法術,,0,,,,,TRUE
212203120,後衛,A,陰陽師,風水陣,寒露,12,74,150,30,,法術,,,,,,,
212204010,後衛,A,陰陽師,風水陣,啓蟄,1,31,36,30,,法術,,0,2400,,,,
212204020,後衛,A,陰陽師,風水陣,啓蟄,2,35,45,30,,法術,,0,3000,,,,
212204030,後衛,A,陰陽師,風水陣,啓蟄,3,39,54,30,,法術,,0,3600,,,,
212204040,後衛,A,陰陽師,風水陣,啓蟄,4,43,63,30,,法術,,0,4200,,,,
212204050,後衛,A,陰陽師,風水陣,啓蟄,5,47,72,30,,法術,,0,4800,,,,
212204060,後衛,A,陰陽師,風水陣,啓蟄,6,51,81,30,,法術,,0,5400,,,,
212204070,後衛,A,陰陽師,風水陣,啓蟄,7,55,90,30,,法術,,0,6000,,,,
212204080,後衛,A,陰陽師,風水陣,啓蟄,8,59,99,30,,法術,,0,6600,,,,
212204090,後衛,A,陰陽師,風水陣,啓蟄,9,63,108,30,,法術,,0,7200,,,,
212204101,後衛,A,陰陽師,風水陣,啓蟄,10,67,117,30,10236,法術,,0,7800,,,,TRUE
212204110,後衛,A,陰陽師,風水陣,啓蟄,11,71,133,30,,法術,,,8400,,,,
213101010,後衛,A,蟲師,使蟲,爆裂蟲,1,31,26,30,,物理,,200,,,法術,,
213101020,後衛,A,蟲師,使蟲,爆裂蟲,2,35,32,30,,物理,,200,,,法術,,
213101030,後衛,A,蟲師,使蟲,爆裂蟲,3,39,39,30,,物理,,200,,,法術,,
213101040,後衛,A,蟲師,使蟲,爆裂蟲,4,43,48,30,,物理,,200,,,法術,,
213101050,後衛,A,蟲師,使蟲,爆裂蟲,5,47,58,30,,物理,,200,,,法術,,
213101060,後衛,A,蟲師,使蟲,爆裂蟲,6,51,69,30,,物理,,200,,,法術,,
213101070,後衛,A,蟲師,使蟲,爆裂蟲,7,55,81,30,,物理,,200,,,法術,,
213101080,後衛,A,蟲師,使蟲,爆裂蟲,8,59,94,30,,物理,,200,,,法術,,
213101090,後衛,A,蟲師,使蟲,爆裂蟲,9,63,108,30,,物理,,200,,,法術,,
213101101,後衛,A,蟲師,使蟲,爆裂蟲,10,67,123,30,15375,物理,,200,,15375,法術,,TRUE
213101110,後衛,A,蟲師,使蟲,爆裂蟲,11,71,140,30,,物理,,,,,法術,,
213102011,後衛,A,蟲師,使蟲,食魂蟲,1,32,9,20,0,,,,1080,,,,TRUE
213102021,後衛,A,蟲師,使蟲,食魂蟲,2,36,11,20,0,,,,1320,,,,TRUE
213102031,後衛,A,蟲師,使蟲,食魂蟲,3,40,13,20,0,,,,1560,,,,TRUE
213102041,後衛,A,蟲師,使蟲,食魂蟲,4,44,16,20,0,,,,1920,,,,TRUE
213102051,後衛,A,蟲師,使蟲,食魂蟲,5,48,19,20,0,,,,2280,,,,TRUE
213102061,後衛,A,蟲師,使蟲,食魂蟲,6,52,23,20,0,,,,2760,,,,TRUE
213102071,後衛,A,蟲師,使蟲,食魂蟲,7,56,27,20,0,,,,3240,,,,TRUE
213102081,後衛,A,蟲師,使蟲,食魂蟲,8,60,32,20,0,,,,3840,,,,TRUE
213102091,後衛,A,蟲師,使蟲,食魂蟲,9,64,37,20,0,,,,4440,,,,TRUE
213102101,後衛,A,蟲師,使蟲,食魂蟲,10,68,43,20,0,,,,5160,,,,TRUE
213102111,後衛,A,蟲師,使蟲,食魂蟲,11,72,49,20,0,,,,5880,,,,TRUE
213103010,後衛,A,蟲師,使蟲,疼痛蟲,1,10,3,15,,,,300%,,,,,
213103020,後衛,A,蟲師,使蟲,疼痛蟲,2,14,4,15,,,,300%,,,,,
213103030,後衛,A,蟲師,使蟲,疼痛蟲,3,18,5,15,,,,300%,,,,,
213103040,後衛,A,蟲師,使蟲,疼痛蟲,4,22,7,15,,,,300%,,,,,
213103050,後衛,A,蟲師,使蟲,疼痛蟲,5,26,9,15,,,,300%,,,,,
213103060,後衛,A,蟲師,使蟲,疼痛蟲,6,30,12,15,,,,300%,,,,,
213103070,後衛,A,蟲師,使蟲,疼痛蟲,7,34,15,15,,,,300%,,,,,
213103080,後衛,A,蟲師,使蟲,疼痛蟲,8,38,19,15,,,,300%,,,,,
213103090,後衛,A,蟲師,使蟲,疼痛蟲,9,42,23,15,,,,300%,,,,,
213103100,後衛,A,蟲師,使蟲,疼痛蟲,10,46,28,15,,,,300,,,,,
213103110,後衛,A,蟲師,使蟲,疼痛蟲,11,50,33,15,,,,300,,,,,
213103120,後衛,A,蟲師,使蟲,疼痛蟲,12,54,39,15,,,,300,,,,,
213103130,後衛,A,蟲師,使蟲,疼痛蟲,13,58,45,15,,,,300,,,,,
213103140,後衛,A,蟲師,使蟲,疼痛蟲,14,62,52,15,,,,300,,,,,
213103151,後衛,A,蟲師,使蟲,疼痛蟲,15,66,59,15,10327,,,300,,,,,TRUE
213103161,後衛,A,蟲師,使蟲,疼痛蟲,16,70,67,15,11727,,,300,,,,,TRUE
213103170,後衛,A,蟲師,使蟲,疼痛蟲,17,74,75,15,,,,300,,,,,
213104010,後衛,A,蟲師,使蟲,吸血蟲,1,11,3,10,,,,300,120,,,,
213104020,後衛,A,蟲師,使蟲,吸血蟲,2,15,4,10,,,,300,160,,,,
213104030,後衛,A,蟲師,使蟲,吸血蟲,3,19,5,10,,,,300,200,,,,
213104040,後衛,A,蟲師,使蟲,吸血蟲,4,23,7,10,,,,300,280,,,,
213104050,後衛,A,蟲師,使蟲,吸血蟲,5,27,9,10,,,,300,360,,,,
213104060,後衛,A,蟲師,使蟲,吸血蟲,6,31,11,10,,,,300,440,,,,
213104070,後衛,A,蟲師,使蟲,吸血蟲,7,35,14,10,,,,300,560,,,,
213104080,後衛,A,蟲師,使蟲,吸血蟲,8,39,17,10,,,,300,680,,,,
213104090,後衛,A,蟲師,使蟲,吸血蟲,9,43,20,10,,,,300,800,,,,
213104100,後衛,A,蟲師,使蟲,吸血蟲,10,47,24,10,,,,300,960,,,,
213104110,後衛,A,蟲師,使蟲,吸血蟲,11,51,28,10,,,,300,1120,,,,
213104120,後衛,A,蟲師,使蟲,吸血蟲,12,55,33,10,,,,300,1320,,,,
213104130,後衛,A,蟲師,使蟲,吸血蟲,13,59,38,10,,,,300,1520,,,,
213104140,後衛,A,蟲師,使蟲,吸血蟲,14,63,44,10,,,,300,1760,,,,
213104151,後衛,A,蟲師,使蟲,吸血蟲,15,67,50,10,10002,,,300,2000,,,,TRUE
213104160,後衛,A,蟲師,使蟲,吸血蟲,16,71,57,10,,,,300,2280,,,,
213201010,後衛,A,蟲師,煉蟲,毒液,1,11,4,15,,,,100,160,,,,
213201020,後衛,A,蟲師,煉蟲,毒液,2,15,5,15,,,,100,200,,,,
213201030,後衛,A,蟲師,煉蟲,毒液,3,19,6,15,,,,100,240,,,,
213201040,後衛,A,蟲師,煉蟲,毒液,4,23,8,15,,,,100,320,,,,
213201050,後衛,A,蟲師,煉蟲,毒液,5,27,10,15,,,,100,400,,,,
213201060,後衛,A,蟲師,煉蟲,毒液,6,31,13,15,,,,100,520,,,,
213201070,後衛,A,蟲師,煉蟲,毒液,7,35,16,15,,,,100,640,,,,
213201080,後衛,A,蟲師,煉蟲,毒液,8,39,20,15,,,,100,800,,,,
213201090,後衛,A,蟲師,煉蟲,毒液,9,43,24,15,,,,100,960,,,,
213201100,後衛,A,蟲師,煉蟲,毒液,10,47,29,15,,,,100,1160,,,,
213201110,後衛,A,蟲師,煉蟲,毒液,11,51,34,15,,,,100,1360,,,,
213201120,後衛,A,蟲師,煉蟲,毒液,12,55,40,15,,,,100,1600,,,,
213201130,後衛,A,蟲師,煉蟲,毒液,13,59,46,15,,,,100,1840,,,,
213201140,後衛,A,蟲師,煉蟲,毒液,14,63,53,15,,,,100,2120,,,,
213201151,後衛,A,蟲師,煉蟲,毒液,15,67,60,15,9000,法術,,100,2400,,,,TRUE
213201160,後衛,A,蟲師,煉蟲,毒液,16,71,68,15,,,,,2720,,,,
213202010,後衛,A,蟲師,煉蟲,毒撃,1,11,4,15,,,,100,160,,,,
213202020,後衛,A,蟲師,煉蟲,毒撃,2,15,5,15,,,,100,200,,,,
213202030,後衛,A,蟲師,煉蟲,毒撃,3,19,6,15,,,,100,240,,,,
213202040,後衛,A,蟲師,煉蟲,毒撃,4,23,8,15,,,,100,320,,,,
213202050,後衛,A,蟲師,煉蟲,毒撃,5,27,10,15,,,,100,400,,,,
213202060,後衛,A,蟲師,煉蟲,毒撃,6,31,13,15,,,,100,520,,,,
213202070,後衛,A,蟲師,煉蟲,毒撃,7,35,16,15,,,,100,640,,,,
213202080,後衛,A,蟲師,煉蟲,毒撃,8,39,20,15,,,,100,800,,,,
213202090,後衛,A,蟲師,煉蟲,毒撃,9,43,24,15,,,,100,960,,,,
213202100,後衛,A,蟲師,煉蟲,毒撃,10,47,29,15,,,,100,1160,,,,
213202110,後衛,A,蟲師,煉蟲,毒撃,11,51,34,15,,,,100,1360,,,,
213202120,後衛,A,蟲師,煉蟲,毒撃,12,55,40,15,,,,100,1600,,,,
213202130,後衛,A,蟲師,煉蟲,毒撃,13,59,46,15,,,,100,1840,,,,
213202140,後衛,A,蟲師,煉蟲,毒撃,14,63,53,15,,,,100,2120,,,,
213202151,後衛,A,蟲師,煉蟲,毒撃,15,67,60,15,9000,,,100,2400,,,,TRUE
213202160,後衛,A,蟲師,煉蟲,毒撃,16,71,68,15,,,,,2720,,,,
213203011,後衛,A,蟲師,煉蟲,緩毒,1,12,6,20,0,,,,720,,,,TRUE
213203021,後衛,A,蟲師,煉蟲,緩毒,2,16,8,20,0,,,,960,,,,TRUE
213203031,後衛,A,蟲師,煉蟲,緩毒,3,20,10,20,0,,,,1200,,,,TRUE
213203041,後衛,A,蟲師,煉蟲,緩毒,4,24,13,20,0,,,,1560,,,,TRUE
213203051,後衛,A,蟲師,煉蟲,緩毒,5,28,17,20,0,,,,2040,,,,TRUE
213203061,後衛,A,蟲師,煉蟲,緩毒,6,32,21,20,0,,,,2520,,,,TRUE
213203071,後衛,A,蟲師,煉蟲,緩毒,7,36,26,20,0,,,,3120,,,,TRUE
213203081,後衛,A,蟲師,煉蟲,緩毒,8,40,31,20,0,,,,3720,,,,TRUE
213203091,後衛,A,蟲師,煉蟲,緩毒,9,44,37,20,0,,,,4440,,,,TRUE
213203101,後衛,A,蟲師,煉蟲,緩毒,10,48,44,20,0,,,,5280,,,,TRUE
213203111,後衛,A,蟲師,煉蟲,緩毒,11,52,52,20,0,,,,6240,,,,TRUE
213203121,後衛,A,蟲師,煉蟲,緩毒,12,56,61,20,0,,,,7320,,,,TRUE
213203131,後衛,A,蟲師,煉蟲,緩毒,13,60,71,20,0,,,,8520,,,,TRUE
213203141,後衛,A,蟲師,煉蟲,緩毒,14,64,82,20,0,,,,9840,,,,TRUE
213203151,後衛,A,蟲師,煉蟲,緩毒,15,68,94,20,0,,,,11280,,,,TRUE
213203161,後衛,A,蟲師,煉蟲,緩毒,16,72,107,20,0,,,,12840,,,,TRUE
213204010,後衛,A,蟲師,煉蟲,毒霧,1,31,48,20,,法術,,100,384,,,,
213204020,後衛,A,蟲師,煉蟲,毒霧,2,35,59,20,,法術,,100,472,,,,
213204030,後衛,A,蟲師,煉蟲,毒霧,3,39,71,20,,法術,,100,568,,,,
213204040,後衛,A,蟲師,煉蟲,毒霧,4,43,86,20,,法術,,100,688,,,,
213204050,後衛,A,蟲師,煉蟲,毒霧,5,47,104,20,,法術,,100,832,,,,
213204060,後衛,A,蟲師,煉蟲,毒霧,6,51,124,20,,法術,,100,992,,,,
213204070,後衛,A,蟲師,煉蟲,毒霧,7,55,145,20,,法術,,100,1160,,,,
213204080,後衛,A,蟲師,煉蟲,毒霧,8,59,168,20,,法術,,100,1344,,,,
213204090,後衛,A,蟲師,煉蟲,毒霧,9,63,193,20,,法術,,100,1544,,,,
213204101,後衛,A,蟲師,煉蟲,毒霧,10,67,220,20,6600,法術,,100,1760,,,,TRUE
213204110,後衛,A,蟲師,煉蟲,毒霧,11,71,248,20,,法術,,,1984,,,,
213205010,後衛,A,蟲師,煉蟲,毒刺,1,31,48,20,,,,100,384,,,,
213205020,後衛,A,蟲師,煉蟲,毒刺,2,35,59,20,,,,100,472,,,,
213205030,後衛,A,蟲師,煉蟲,毒刺,3,39,71,20,,,,100,568,,,,
213205040,後衛,A,蟲師,煉蟲,毒刺,4,43,86,20,,,,100,688,,,,
213205050,後衛,A,蟲師,煉蟲,毒刺,5,47,104,20,,,,100,832,,,,
213205060,後衛,A,蟲師,煉蟲,毒刺,6,51,124,20,,,,100,992,,,,
213205070,後衛,A,蟲師,煉蟲,毒刺,7,55,145,20,,,,100,1160,,,,
213205080,後衛,A,蟲師,煉蟲,毒刺,8,59,168,20,,,,100,1344,,,,
213205090,後衛,A,蟲師,煉蟲,毒刺,9,63,193,20,,,,100,1544,,,,
213205101,後衛,A,蟲師,煉蟲,毒刺,10,67,220,20,6600,,,100,1760,,,,TRUE
213205110,後衛,A,蟲師,煉蟲,毒刺,11,71,248,20,,,,,1984,,,,
213206011,後衛,A,蟲師,煉蟲,百歩毒,1,32,24,40,0,,,,3000,,,,TRUE
213206021,後衛,A,蟲師,煉蟲,百歩毒,2,36,29,40,0,,,,3625,,,,TRUE
213206031,後衛,A,蟲師,煉蟲,百歩毒,3,40,35,40,0,,,,4375,,,,TRUE
213206041,後衛,A,蟲師,煉蟲,百歩毒,4,44,42,40,0,,,,5250,,,,TRUE
213206051,後衛,A,蟲師,煉蟲,百歩毒,5,48,51,40,0,,,,6375,,,,TRUE
213206061,後衛,A,蟲師,煉蟲,百歩毒,6,52,60,40,0,,,,7500,,,,TRUE
213206071,後衛,A,蟲師,煉蟲,百歩毒,7,56,70,40,0,,,,8750,,,,TRUE
213206081,後衛,A,蟲師,煉蟲,百歩毒,8,60,81,40,0,,,,10125,,,,TRUE
213206091,後衛,A,蟲師,煉蟲,百歩毒,9,64,93,40,0,,,,11625,,,,TRUE
213206101,後衛,A,蟲師,煉蟲,百歩毒,10,68,106,40,0,,,,13250,,,,TRUE
213206111,後衛,A,蟲師,煉蟲,百歩毒,11,72,120,40,0,,,,15000,,,,TRUE
221101010,後衛,B,医者,医療,法力注入,1,10,4,10,,法術,,100,,,,,
221101020,後衛,B,医者,医療,法力注入,2,11,6,10,,法術,,100,,,,,
221101030,後衛,B,医者,医療,法力注入,3,14,8,10,,法術,,100,,,,,
221101040,後衛,B,医者,医療,法力注入,4,17,10,10,,法術,,100,,,,,
221101050,後衛,B,医者,医療,法力注入,5,20,12,10,,法術,,100,,,,,
221101060,後衛,B,医者,医療,法力注入,6,23,14,10,,法術,,100,,,,,
221101070,後衛,B,医者,医療,法力注入,7,26,16,10,,法術,,100,,,,,
221101080,後衛,B,医者,医療,法力注入,8,29,18,10,,法術,,100,,,,,
221101090,後衛,B,医者,医療,法力注入,9,32,20,10,,法術,,100,,,,,
221101100,後衛,B,医者,医療,法力注入,10,35,22,10,,法術,,100,,,,,
221101110,後衛,B,医者,医療,法力注入,11,45,26,10,,法術,,100,,,,,
221101120,後衛,B,医者,医療,法力注入,12,50,33,10,,法術,,100,,,,,
221101130,後衛,B,医者,医療,法力注入,13,55,41,10,,法術,,100,,,,,
221101140,後衛,B,医者,医療,法力注入,14,60,49,10,,法術,,100,,,,,
221101151,後衛,B,医者,医療,法力注入,15,65,58,10,8700,法術,,100,,,,,TRUE
221101161,後衛,B,医者,医療,法力注入,16,70,68,10,10200,法術,,100,,,,,TRUE
221101170,後衛,B,医者,医療,法力注入,17,75,80,10,,法術,,,,,,,
221102010,後衛,B,医者,医療,献血針,1,23,20,20,,法術,,100,,,,,
221102020,後衛,B,医者,医療,献血針,2,26,23,20,,法術,,100,,,,,
221102030,後衛,B,医者,医療,献血針,3,29,26,20,,法術,,100,,,,,
221102040,後衛,B,医者,医療,献血針,4,32,29,20,,法術,,100,,,,,
221102050,後衛,B,医者,医療,献血針,5,35,32,20,,法術,,100,,,,,
221102060,後衛,B,医者,医療,献血針,6,38,35,20,,法術,,100,,,,,
221102070,後衛,B,医者,医療,献血針,7,41,38,20,,法術,,100,,,,,
221102080,後衛,B,医者,医療,献血針,8,44,41,20,,法術,,100,,,,,
221102090,後衛,B,医者,医療,献血針,9,47,44,20,,法術,,100,,,,,
221102100,後衛,B,医者,医療,献血針,10,50,47,20,,法術,,100,,,,,
221102111,後衛,B,医者,医療,献血針,11,65,70,20,8750,法術,,100,,,,,TRUE
221102121,後衛,B,医者,医療,献血針,12,70,82,20,10250,法術,,100,,,,,TRUE
221102130,後衛,B,医者,医療,献血針,13,75,96,20,,法術,,,,,,,
221201010,後衛,B,医者,食補,怯命湯,1,12,5,15,,法術,,0,,,,,
221201020,後衛,B,医者,食補,怯命湯,2,15,6,15,,法術,,0,,,,,
221201030,後衛,B,医者,食補,怯命湯,3,18,7,15,,法術,,0,,,,,
221201040,後衛,B,医者,食補,怯命湯,4,21,8,15,,法術,,0,,,,,
221201050,後衛,B,医者,食補,怯命湯,5,24,9,15,,法術,,0,,,,,
221201060,後衛,B,医者,食補,怯命湯,6,27,10,15,,法術,,0,,,,,
221201070,後衛,B,医者,食補,怯命湯,7,30,11,15,,法術,,0,,,,,
221201080,後衛,B,医者,食補,怯命湯,8,33,12,15,,法術,,0,,,,,
221201090,後衛,B,医者,食補,怯命湯,9,36,13,15,,法術,,0,,,,,
221201100,後衛,B,医者,食補,怯命湯,10,39,14,15,,法術,,0,,,,,
221201110,後衛,B,医者,食補,怯命湯,11,49,19,15,,法術,,0,,,,,
221201120,後衛,B,医者,食補,怯命湯,12,54,24,15,,法術,,0,,,,,
221201130,後衛,B,医者,食補,怯命湯,13,59,29,15,,法術,,0,,,,,
221201140,後衛,B,医者,食補,怯命湯,14,64,35,15,,法術,,0,,,,,
221201151,後衛,B,医者,食補,怯命湯,15,69,41,15,3149,法術,,0,,,,,TRUE
221201160,後衛,B,医者,食補,怯命湯,16,74,48,15,,法術,,,,,,,
222101010,後衛,B,楽師,旋律技,音の波紋,1,10,2,5,,法術,,100,,,,,
222101020,後衛,B,楽師,旋律技,音の波紋,2,14,4,5,,法術,,100,,,,,
222101030,後衛,B,楽師,旋律技,音の波紋,3,18,6,5,,法術,,100,,,,,
222101040,後衛,B,楽師,旋律技,音の波紋,4,22,8,5,,法術,,100,,,,,
222101050,後衛,B,楽師,旋律技,音の波紋,5,26,10,5,,法術,,100,,,,,
222101060,後衛,B,楽師,旋律技,音の波紋,6,30,12,5,,法術,,100,,,,,
222101070,後衛,B,楽師,旋律技,音の波紋,7,34,14,5,,法術,,100,,,,,
222101080,後衛,B,楽師,旋律技,音の波紋,8,38,16,5,,法術,,100,,,,,
222101090,後衛,B,楽師,旋律技,音の波紋,9,42,18,5,,法術,,100,,,,,
222101100,後衛,B,楽師,旋律技,音の波紋,10,46,20,5,,法術,,100,,,,,
222101110,後衛,B,楽師,旋律技,音の波紋,11,50,23,5,,法術,,100,,,,,
222101120,後衛,B,楽師,旋律技,音の波紋,12,54,26,5,,法術,,100,,,,,
222101130,後衛,B,楽師,旋律技,音の波紋,13,58,30,5,,法術,,100,,,,,
222101140,後衛,B,楽師,旋律技,音の波紋,14,62,35,5,,法術,,100,,,,,
222101151,後衛,B,楽師,旋律技,音の波紋,15,66,40,5,10000,法術,,100,,,,,TRUE
222101161,後衛,B,楽師,旋律技,音の波紋,16,70,45,5,11250,法術,,100,,,,,TRUE
222101170,後衛,B,楽師,旋律技,音の波紋,17,74,51,5,,法術,,,,,,,
222102010,後衛,B,楽師,旋律技,波紋衝,1,28,20,90,,法術,,,,,,,
222102020,後衛,B,楽師,旋律技,波紋衝,2,32,24,100,,法術,,,,,,,
222102030,後衛,B,楽師,旋律技,波紋衝,3,36,30,110,,法術,,,,,,,
222102040,後衛,B,楽師,旋律技,波紋衝,4,40,38,120,,法術,,,,,,,
222102050,後衛,B,楽師,旋律技,波紋衝,5,44,48,130,,法術,,,,,,,
222102060,後衛,B,楽師,旋律技,波紋衝,6,48,60,140,,法術,,,,,,,
222102070,後衛,B,楽師,旋律技,波紋衝,7,52,74,150,,法術,,,,,,,
222102080,後衛,B,楽師,旋律技,波紋衝,8,56,90,160,,法術,,,,,,,
222102090,後衛,B,楽師,旋律技,波紋衝,9,60,108,170,,法術,,,,,,,
222102101,後衛,B,楽師,旋律技,波紋衝,10,64,128,180,31999,法術,,,,,,,TRUE
223101010,後衛,B,踊子,扇舞,旋廻扇,1,10,11,8,,,,,,,,,
223101020,後衛,B,踊子,扇舞,旋廻扇,2,14,15,8,,,,,,,,,
223101030,後衛,B,踊子,扇舞,旋廻扇,3,18,20,8,,,,,,,,,
223101040,後衛,B,踊子,扇舞,旋廻扇,4,22,26,8,,,,,,,,,
223101050,後衛,B,踊子,扇舞,旋廻扇,5,26,30,8,,,,,,,,,
223101060,後衛,B,踊子,扇舞,旋廻扇,6,30,35,8,,,,,,,,,
223101070,後衛,B,踊子,扇舞,旋廻扇,7,34,41,8,,,,,,,,,
223101080,後衛,B,踊子,扇舞,旋廻扇,8,38,47,8,,,,,,,,,
223101090,後衛,B,踊子,扇舞,旋廻扇,9,42,53,8,,,,,,,,,
223101100,後衛,B,踊子,扇舞,旋廻扇,10,,,,,,,,,,,,
223101101,後衛,B,踊子,扇舞,旋廻扇,10,46,59,8,4999,,,,,,,,TRUE
223102010,後衛,B,踊子,扇舞,飛燕扇,1,12,6,60,,,,100,,,,,
223102020,後衛,B,踊子,扇舞,飛燕扇,2,16,9,60,,,,100,,,,,
223102030,後衛,B,踊子,扇舞,飛燕扇,3,20,12,60,,,,100,,,,,
223102040,後衛,B,踊子,扇舞,飛燕扇,4,24,15,60,,,,100,,,,,
223102050,後衛,B,踊子,扇舞,飛燕扇,5,28,18,60,,,,100,,,,,
223102060,後衛,B,踊子,扇舞,飛燕扇,6,32,22,60,,,,100,,,,,
223102070,後衛,B,踊子,扇舞,飛燕扇,7,36,26,60,,,,100,,,,,
223102080,後衛,B,踊子,扇舞,飛燕扇,8,40,30,60,,,,100,,,,,
223102090,後衛,B,踊子,扇舞,飛燕扇,9,44,34,60,,,,100,,,,,
223102100,後衛,B,踊子,扇舞,飛燕扇,10,48,38,60,,,,100,,,,,
223102110,後衛,B,踊子,扇舞,飛燕扇,11,52,44,60,,,,100,,,,,
223102120,後衛,B,踊子,扇舞,飛燕扇,12,56,51,60,,,,100,,,,,
223102130,後衛,B,踊子,扇舞,飛燕扇,13,60,59,60,,,,100,,,,,
223102140,後衛,B,踊子,扇舞,飛燕扇,14,64,67,60,,,,100,,,,,
223102151,後衛,B,踊子,扇舞,飛燕扇,15,68,76,60,17100,,,100,,,,,TRUE
223102160,後衛,B,踊子,扇舞,飛燕扇,16,72,86,60,,,,,,,,,
223103010,後衛,B,踊子,扇舞,忘却扇,1,13,5,30,,,,100,,,,,
223103020,後衛,B,踊子,扇舞,忘却扇,2,17,7,30,,,,100,,,,,
223103030,後衛,B,踊子,扇舞,忘却扇,3,21,9,30,,,,100,,,,,
223103040,後衛,B,踊子,扇舞,忘却扇,4,25,12,30,,,,100,,,,,
223103050,後衛,B,踊子,扇舞,忘却扇,5,29,16,30,,,,100,,,,,
223103060,後衛,B,踊子,扇舞,忘却扇,6,33,20,30,,,,100,,,,,
223103070,後衛,B,踊子,扇舞,忘却扇,7,37,25,30,,,,100,,,,,
223103080,後衛,B,踊子,扇舞,忘却扇,8,41,31,30,,,,100,,,,,
223103090,後衛,B,踊子,扇舞,忘却扇,9,45,38,30,,,,100,,,,,
223103100,後衛,B,踊子,扇舞,忘却扇,10,49,46,30,,,,100,,,,,
223103110,後衛,B,踊子,扇舞,忘却扇,11,53,54,30,,,,100,,,,,
223103120,後衛,B,踊子,扇舞,忘却扇,12,57,63,30,,,,100,,,,,
223103130,後衛,B,踊子,扇舞,忘却扇,13,61,73,30,,,,100,,,,,
223103140,後衛,B,踊子,扇舞,忘却扇,14,65,83,30,,,,100,,,,,
223103151,後衛,B,踊子,扇舞,忘却扇,15,69,94,30,10340,,,100,,,,,TRUE
223103160,後衛,B,踊子,扇舞,忘却扇,16,73,107,30,,,,,,,,,
223104010,後衛,B,踊子,扇舞,旋廻昇扇,1,26,25,50,,,,0,,,,,
223104020,後衛,B,踊子,扇舞,旋廻昇扇,2,30,31,50,,,,0,,,,,
223104030,後衛,B,踊子,扇舞,旋廻昇扇,3,34,37,50,,,,0,,,,,
223104040,後衛,B,踊子,扇舞,旋廻昇扇,4,38,44,50,,,,0,,,,,
223104050,後衛,B,踊子,扇舞,旋廻昇扇,5,42,51,50,,,,0,,,,,
223104060,後衛,B,踊子,扇舞,旋廻昇扇,6,46,59,50,,,,0,,,,,
223104070,後衛,B,踊子,扇舞,旋廻昇扇,7,50,67,50,,,,0,,,,,
223104080,後衛,B,踊子,扇舞,旋廻昇扇,8,54,76,50,,,,0,,,,,
223104090,後衛,B,踊子,扇舞,旋廻昇扇,9,58,85,50,,,,0,,,,,
223104101,後衛,B,踊子,扇舞,旋廻昇扇,10,62,95,50,11636,,,0,,,,,TRUE
223105010,後衛,B,踊子,扇舞,飛鷹扇,1,28,28,60,,,,100,,,,,
223105020,後衛,B,踊子,扇舞,飛鷹扇,2,32,34,60,,,,100,,,,,
223105030,後衛,B,踊子,扇舞,飛鷹扇,3,36,41,60,,,,100,,,,,
223105040,後衛,B,踊子,扇舞,飛鷹扇,4,40,49,60,,,,100,,,,,
223105050,後衛,B,踊子,扇舞,飛鷹扇,5,44,58,60,,,,100,,,,,
223105060,後衛,B,踊子,扇舞,飛鷹扇,6,48,68,60,,,,100,,,,,
223105070,後衛,B,踊子,扇舞,飛鷹扇,7,52,79,60,,,,100,,,,,
223105080,後衛,B,踊子,扇舞,飛鷹扇,8,56,91,60,,,,100,,,,,
223105090,後衛,B,踊子,扇舞,飛鷹扇,9,60,103,60,,,,100,,,,,
223105100,後衛,B,踊子,扇舞,飛鷹扇,10,64,116,60,,,,100,,,,,
223105111,後衛,B,踊子,扇舞,飛鷹扇,11,69,135,60,20250,,,100,,,,,TRUE
223105120,後衛,B,踊子,扇舞,飛鷹扇,12,74,159,60,,,,,,,,,
223106010,後衛,B,踊子,扇舞,吸血扇,1,27,12,30,,,,100,,,,,
223106020,後衛,B,踊子,扇舞,吸血扇,2,31,15,30,,,,100,,,,,
223106030,後衛,B,踊子,扇舞,吸血扇,3,35,18,30,,,,100,,,,,
223106040,後衛,B,踊子,扇舞,吸血扇,4,39,22,30,,,,100,,,,,
223106050,後衛,B,踊子,扇舞,吸血扇,5,43,27,30,,,,100,,,,,
223106060,後衛,B,踊子,扇舞,吸血扇,6,47,32,30,,,,100,,,,,
223106070,後衛,B,踊子,扇舞,吸血扇,7,51,38,30,,,,100,,,,,
223106080,後衛,B,踊子,扇舞,吸血扇,8,55,45,30,,,,100,,,,,
223106090,後衛,B,踊子,扇舞,吸血扇,9,59,52,30,,,,100,,,,,
223106100,後衛,B,踊子,扇舞,吸血扇,10,63,60,30,,,,100,,,,,
223106111,後衛,B,踊子,扇舞,吸血扇,11,68,74,30,9250,,,100,,,,,TRUE
223106120,後衛,B,踊子,扇舞,吸血扇,12,73,88,30,,,,,,,,,
223107010,後衛,B,踊子,扇舞,引霊扇,1,27,12,45,,,,100,,,,,
223107020,後衛,B,踊子,扇舞,引霊扇,2,31,15,45,,,,100,,,,,
223107030,後衛,B,踊子,扇舞,引霊扇,3,35,18,45,,,,100,,,,,
223107040,後衛,B,踊子,扇舞,引霊扇,4,39,22,45,,,,100,,,,,
223107050,後衛,B,踊子,扇舞,引霊扇,5,43,27,45,,,,100,,,,,
223107060,後衛,B,踊子,扇舞,引霊扇,6,47,32,45,,,,100,,,,,
223107070,後衛,B,踊子,扇舞,引霊扇,7,51,38,45,,,,100,,,,,
223107080,後衛,B,踊子,扇舞,引霊扇,8,55,45,45,,,,100,,,,,
223107090,後衛,B,踊子,扇舞,引霊扇,9,59,52,45,,,,100,,,,,
223107100,後衛,B,踊子,扇舞,引霊扇,10,63,60,45,,,,100,,,,,
223107111,後衛,B,踊子,扇舞,引霊扇,11,68,74,45,9250,,,100,,,,,TRUE
223107120,後衛,B,踊子,扇舞,引霊扇,12,73,88,45,,,,,,,,,
223108010,後衛,B,踊子,扇舞,芭蕉扇,1,29,24,40,,,,0,,,,,
223108020,後衛,B,踊子,扇舞,芭蕉扇,2,33,28,40,,,,0,,,,,
223108030,後衛,B,踊子,扇舞,芭蕉扇,3,37,32,40,,,,0,,,,,
223108040,後衛,B,踊子,扇舞,芭蕉扇,4,41,36,40,,,,0,,,,,
223108050,後衛,B,踊子,扇舞,芭蕉扇,5,45,40,40,,,,0,,,,,
223108060,後衛,B,踊子,扇舞,芭蕉扇,6,49,44,40,,,,0,,,,,
223108070,後衛,B,踊子,扇舞,芭蕉扇,7,53,48,40,,,,0,,,,,
223108081,後衛,B,踊子,扇舞,芭蕉扇,8,57,,40,0,,,0,,,,,TRUE
223108090,後衛,B,踊子,扇舞,芭蕉扇,9,61,56,40,,,,0,,,,,
223108101,後衛,B,踊子,扇舞,芭蕉扇,10,65,60,40,5249,,,0,,,,,TRUE
223201010,後衛,B,踊子,舞歩,行火舞,1,11,3,10,,法術,火,0,,,,,
223201020,後衛,B,踊子,舞歩,行火舞,2,15,5,11,,法術,火,0,,,,,
223201030,後衛,B,踊子,舞歩,行火舞,3,19,7,12,,法術,火,0,,,,,
223201040,後衛,B,踊子,舞歩,行火舞,4,23,9,13,,法術,火,0,,,,,
223201050,後衛,B,踊子,舞歩,行火舞,5,27,11,14,,法術,火,0,,,,,
223201060,後衛,B,踊子,舞歩,行火舞,6,31,13,15,,法術,火,0,,,,,
223201070,後衛,B,踊子,舞歩,行火舞,7,35,16,16,,法術,火,0,,,,,
223201080,後衛,B,踊子,舞歩,行火舞,8,39,19,17,,法術,火,0,,,,,
223201090,後衛,B,踊子,舞歩,行火舞,9,43,23,18,,法術,火,0,,,,,
223201100,後衛,B,踊子,舞歩,行火舞,10,47,27,19,,法術,火,0,,,,,
223201110,後衛,B,踊子,舞歩,行火舞,11,51,33,20,,法術,火,0,,,,,
223201120,後衛,B,踊子,舞歩,行火舞,12,55,39,20,,法術,火,0,,,,,
223201130,後衛,B,踊子,舞歩,行火舞,13,59,46,20,,法術,火,0,,,,,
223201140,後衛,B,踊子,舞歩,行火舞,14,63,53,20,,法術,火,0,,,,,
223201151,後衛,B,踊子,舞歩,行火舞,15,67,60,20,6599,法術,火,0,,,,,TRUE
223201160,後衛,B,踊子,舞歩,行火舞,16,71,68,20,,法術,火,,,,,,
223202010,後衛,B,踊子,舞歩,流水舞,1,12,3,10,,法術,水,0,,,,,
223202020,後衛,B,踊子,舞歩,流水舞,2,16,5,11,,法術,水,0,,,,,
223202030,後衛,B,踊子,舞歩,流水舞,3,20,7,12,,法術,水,0,,,,,
223202040,後衛,B,踊子,舞歩,流水舞,4,24,9,13,,法術,水,0,,,,,
223202050,後衛,B,踊子,舞歩,流水舞,5,28,11,14,,法術,水,0,,,,,
223202060,後衛,B,踊子,舞歩,流水舞,6,32,13,15,,法術,水,0,,,,,
223202070,後衛,B,踊子,舞歩,流水舞,7,36,16,16,,法術,水,0,,,,,
223202080,後衛,B,踊子,舞歩,流水舞,8,40,19,17,,法術,水,0,,,,,
223202090,後衛,B,踊子,舞歩,流水舞,9,44,23,18,,法術,水,0,,,,,
223202100,後衛,B,踊子,舞歩,流水舞,10,48,27,19,,法術,水,0,,,,,
223202110,後衛,B,踊子,舞歩,流水舞,11,52,33,20,,法術,水,0,,,,,
223202120,後衛,B,踊子,舞歩,流水舞,12,56,39,20,,法術,水,0,,,,,
223202130,後衛,B,踊子,舞歩,流水舞,13,60,46,20,,法術,水,0,,,,,
223202140,後衛,B,踊子,舞歩,流水舞,14,64,53,20,,法術,水,0,,,,,
223202151,後衛,B,踊子,舞歩,流水舞,15,68,60,20,6599,法術,水,0,,,,,TRUE
223202160,後衛,B,踊子,舞歩,流水舞,16,72,68,20,,法術,水,0,,,,,
223203010,後衛,B,踊子,舞歩,祝融の舞,1,27,25,25,,法術,火,0,,,,,
223203020,後衛,B,踊子,舞歩,祝融の舞,2,31,31,25,,法術,火,0,,,,,
223203030,後衛,B,踊子,舞歩,祝融の舞,3,35,37,25,,法術,火,0,,,,,
223203040,後衛,B,踊子,舞歩,祝融の舞,4,39,44,25,,法術,火,0,,,,,
223203050,後衛,B,踊子,舞歩,祝融の舞,5,43,51,25,,法術,火,0,,,,,
223203060,後衛,B,踊子,舞歩,祝融の舞,6,47,59,25,,法術,火,0,,,,,
223203070,後衛,B,踊子,舞歩,祝融の舞,7,51,67,25,,法術,火,0,,,,,
223203080,後衛,B,踊子,舞歩,祝融の舞,8,55,76,25,,法術,火,0,,,,,
223203090,後衛,B,踊子,舞歩,祝融の舞,9,59,85,25,,法術,火,0,,,,,
223203100,後衛,B,踊子,舞歩,祝融の舞,10,63,95,25,,法術,火,0,,,,,
223203111,後衛,B,踊子,舞歩,祝融の舞,11,68,112,25,22399,法術,火,0,,,,,TRUE
223203120,後衛,B,踊子,舞歩,祝融の舞,12,73,131,25,,法術,火,,,,,,
223204010,後衛,B,踊子,舞歩,玄冥の舞,1,28,25,25,,法術,水,0,,,,,
223204020,後衛,B,踊子,舞歩,玄冥の舞,2,32,31,25,,法術,水,0,,,,,
223204030,後衛,B,踊子,舞歩,玄冥の舞,3,36,37,25,,法術,水,0,,,,,
223204040,後衛,B,踊子,舞歩,玄冥の舞,4,40,44,25,,法術,水,0,,,,,
223204050,後衛,B,踊子,舞歩,玄冥の舞,5,44,51,25,,法術,水,0,,,,,
223204060,後衛,B,踊子,舞歩,玄冥の舞,6,48,59,25,,法術,水,0,,,,,
223204070,後衛,B,踊子,舞歩,玄冥の舞,7,52,67,25,,法術,水,0,,,,,
223204080,後衛,B,踊子,舞歩,玄冥の舞,8,56,76,25,,法術,水,0,,,,,
223204090,後衛,B,踊子,舞歩,玄冥の舞,9,60,85,25,,法術,水,0,,,,,
223204100,後衛,B,踊子,舞歩,玄冥の舞,10,64,95,25,,法術,水,0,,,,,
223204111,後衛,B,踊子,舞歩,玄冥の舞,11,69,112,25,22396,法術,水,0,,,,,TRUE
223204120,後衛,B,踊子,舞歩,玄冥の舞,12,74,131,25,,法術,水,0,,,,,